Workbook

Sheet Sheet1
A1: SSO_ID | B1: Year | C1: Complete Address | D1: Address | E1: City | F1: State | G1: Zipcode | H1: Flow_Location | I1: Flow Location(Corrected) | J1: Gallons | K1: Structure_Type | L1: Structure_Type(Corrected) | M1: Excursion_Cause | N1: Excursion_Cause(Corrected) | O1: Start_Date | P1: Start_Time | Q1: End_Date | R1: End_Time | S1: Average_Flow__GPM_ | T1: Corrective_Action | U1: Start_Date_Converted | V1: End_Date_Converted | W1: lat | X1: long
A2: 10424 | B2: 2021 | C2: =CONCATENATE(D2,",",E2,",",F2) -> 8515 HAMMERLY BLVD,Houston,Texas | D2: 8515 HAMMERLY BLVD | E2: Houston | F2: Texas | G2: 77055 | H2: Storm Sewer (not contained) | I2: =VLOOKUP(H2,'Flow Location'!$A$1:$B$21,2,FALSE) -> Storm Sewer (not contained) | J2: 157 | K2: Manhole | L2: =VLOOKUP(K2,'Structure type'!$A$1:$B$15,2,FALSE) -> Manhole | M2: Grease Blockage | N2: =VLOOKUP(M2,'Excursion Cause'!$A$1:$B$34,2,FALSE) -> Grease Blockage | O2: 44287 | P2: 8:35 | Q2: 44287 | R2: 11:11 | S2: 1 | T2: Cleared Main Line;Cleaned and Disinfected | U2: 20210401 | V2: 20210401 | W2: 29.810848 | X2: -95.499751
A3: 10428 | B3: 2021 | C3: =CONCATENATE(D3,",",E3,",",F3) -> 7206 LA PASEO ST,Houston,Texas | D3: 7206 LA PASEO ST | E3: Houston | F3: Texas | G3: 77087 | H3: Storm Sewer (not contained) | I3: =VLOOKUP(H3,'Flow Location'!$A$1:$B$21,2,FALSE) -> Storm Sewer (not contained) | J3: 0 | K3: Manhole | L3: =VLOOKUP(K3,'Structure type'!$A$1:$B$15,2,FALSE) -> Manhole | M3: Grease Blockage | N3: =VLOOKUP(M3,'Excursion Cause'!$A$1:$B$34,2,FALSE) -> Grease Blockage | O3: 44287 | P3: 11:40 | Q3: 44287 | R3: 11:40 | S3: 0 | T3: Cleared Main Line | U3: 20210401 | V3: 20210401 | W3: 29.67863 | X3: -95.300138
A4: 10430 | B4: 2021 | C4: =CONCATENATE(D4,",",E4,",",F4) -> 3502 DARLINGHURST DR,Houston,Texas | D4: 3502 DARLINGHURST DR | E4: Houston | F4: Texas | G4: 77045 | H4: Storm Sewer (not contained) | I4: =VLOOKUP(H4,'Flow Location'!$A$1:$B$21,2,FALSE) -> Storm Sewer (not contained) | J4: 166 | K4: Manhole | L4: =VLOOKUP(K4,'Structure type'!$A$1:$B$15,2,FALSE) -> Manhole | M4: Grease Blockage | N4: =VLOOKUP(M4,'Excursion Cause'!$A$1:$B$34,2,FALSE) -> Grease Blockage | O4: 44287 | P4: 12:25 | Q4: 44287 | R4: 13:47 | S4: 2 | T4: Cleared Main Line;Cleaned and Disinfected | U4: 20210401 | V4: 20210401 | W4: 29.624011 | X4: -95.428274
A5: 10434 | B5: 2021 | C5: =CONCATENATE(D5,",",E5,",",F5) -> 5411 PARDEE ST,Houston,Texas | D5: 5411 PARDEE ST | E5: Houston | F5: Texas | G5: 77026 | H5: Bayou/surface water/drainage ditch | I5: =VLOOKUP(H5,'Flow Location'!$A$1:$B$21,2,FALSE) -> Bayou/surface water/drainage ditch | J5: 0 | K5: City Cleanout | L5: =VLOOKUP(K5,'Structure type'!$A$1:$B$15,2,FALSE) -> City Cleanout | M5: Grease Blockage | N5: =VLOOKUP(M5,'Excursion Cause'!$A$1:$B$34,2,FALSE) -> Grease Blockage | O5: 44287 | P5: 13:44 | Q5: 44287 | R5: 13:44 | S5: 0 | T5: Cleared Main Line;Cleaned and Disinfected;Cleared Service Lateral | U5: 20210401 | V5: 20210401 | W5: 29.805975 | X5: -95.316642
A6: 10436 | B6: 2021 | C6: =CONCATENATE(D6,",",E6,",",F6) -> 12017 PALMCREST ST,Houston,Texas | D6: 12017 PALMCREST ST | E6: Houston | F6: Texas | G6: 77034 | H6: Contained On Site, not within 5 ft. of Bayou/Surface Water/Drainage Ditch | I6: =VLOOKUP(H6,'Flow Location'!$A$1:$B$21,2,FALSE) -> Contained On Site, not within 5 ft. of Bayou/Surface Water/Drainage Ditch | J6: 0 | K6: Private Cleanout | L6: =VLOOKUP(K6,'Structure type'!$A$1:$B$15,2,FALSE) -> Private Cleanout | M6: Collection system structural blockage | N6: =VLOOKUP(M6,'Excursion Cause'!$A$1:$B$34,2,FALSE) -> Collection system structural blockage | O6: 44287 | P6: 14:55 | Q6: 44287 | R6: 14:55 | S6: 0 | T6: Set Bypass Pump;Cleaned and Disinfected | U6: 20210401 | V6: 20210401 | W6: 29.627992 | X6: -95.210625
A7: 10440 | B7: 2021 | C7: =CONCATENATE(D7,",",E7,",",F7) -> 7523 KINGSLEY ST,Houston,Texas | D7: 7523 KINGSLEY ST | E7: Houston | F7: Texas | G7: 77087 | H7: Storm Sewer (not contained) | I7: =VLOOKUP(H7,'Flow Location'!$A$1:$B$21,2,FALSE) -> Storm Sewer (not contained) | J7: 1020 | K7: Manhole | L7: =VLOOKUP(K7,'Structure type'!$A$1:$B$15,2,FALSE) -> Manhole | M7: Rags/Wipes | N7: =VLOOKUP(M7,'Excursion Cause'!$A$1:$B$34,2,FALSE) -> Rags/Wipes | O7: 44288 | P7: 7:54 | Q7: 44288 | R7: 16:24 | S7: 2 | T7: Cleaned and Disinfected;Cleared Main Line | U7: 20210402 | V7: 20210402 | W7: 29.68708 | X7: -95.291863
A8: 10441 | B8: 2021 | C8: =CONCATENATE(D8,",",E8,",",F8) -> 13655 ELLA BLVD,Houston,Texas | D8: 13655 ELLA BLVD | E8: Houston | F8: Texas | G8: 77014 | H8: Storm Sewer (not contained) | I8: =VLOOKUP(H8,'Flow Location'!$A$1:$B$21,2,FALSE) -> Storm Sewer (not contained) | J8: 124 | K8: Manhole | L8: =VLOOKUP(K8,'Structure type'!$A$1:$B$15,2,FALSE) -> Manhole | M8: Grease Blockage | N8: =VLOOKUP(M8,'Excursion Cause'!$A$1:$B$34,2,FALSE) -> Grease Blockage | O8: 44288 | P8: 9:18 | Q8: 44288 | R8: 11:22 | S8: 1 | T8: Cleared Main Line;Cleaned and Disinfected | U8: 20210402 | V8: 20210402 | W8: 29.966839 | X8: -95.430395
A9: 10447 | B9: 2021 | C9: =CONCATENATE(D9,",",E9,",",F9) -> 9605 STELLA LINK RD,Houston,Texas | D9: 9605 STELLA LINK RD | E9: Houston | F9: Texas | G9: 77025 | H9: Storm Sewer (not contained) | I9: =VLOOKUP(H9,'Flow Location'!$A$1:$B$21,2,FALSE) -> Storm Sewer (not contained) | J9: 1036 | K9: Private Cleanout | L9: =VLOOKUP(K9,'Structure type'!$A$1:$B$15,2,FALSE) -> Private Cleanout | M9: Rags/Wipes | N9: =VLOOKUP(M9,'Excursion Cause'!$A$1:$B$34,2,FALSE) -> Rags/Wipes | O9: 44289 | P9: 9:30 | Q9: 44289 | R9: 18:07 | S9: 2 | T9: Cleared Main Line;Cleaned and Disinfected | U9: 20210403 | V9: 20210403 | W9: 29.678771 | X9: -95.439832
A10: 10451 | B10: 2021 | C10: =CONCATENATE(D10,",",E10,",",F10) -> 8950 CHIMNEY ROCK RD,Houston,Texas | D10: 8950 CHIMNEY ROCK RD | E10: Houston | F10: Texas | G10: 77096 | H10: Storm Sewer (not contained) | I10: =VLOOKUP(H10,'Flow Location'!$A$1:$B$21,2,FALSE) -> Storm Sewer (not contained) | J10: 765 | K10: Manhole | L10: =VLOOKUP(K10,'Structure type'!$A$1:$B$15,2,FALSE) -> Manhole | M10: Grease Blockage | N10: =VLOOKUP(M10,'Excursion Cause'!$A$1:$B$34,2,FALSE) -> Grease Blockage | O10: 44289 | P10: 13:05 | Q10: 44289 | R10: 17:20 | S10: 3 | T10: Cleared Main Line;Cleaned and Disinfected | U10: 20210403 | V10: 20210403 | W10: 29.680963 | X10: -95.477007
A11: 10456 | B11: 2021 | C11: =CONCATENATE(D11,",",E11,",",F11) -> 2074 ANTOINE DR,Houston,Texas | D11: 2074 ANTOINE DR | E11: Houston | F11: Texas | G11: 77055 | H11: Contained On Site, not within 5 ft. of Bayou/Surface Water/Drainage Ditch | I11: =VLOOKUP(H11,'Flow Location'!$A$1:$B$21,2,FALSE) -> Contained On Site, not within 5 ft. of Bayou/Surface Water/Drainage Ditch | J11: 0 | K11: City Cleanout | L11: =VLOOKUP(K11,'Structure type'!$A$1:$B$15,2,FALSE) -> City Cleanout | M11: Rags/Wipes | N11: =VLOOKUP(M11,'Excursion Cause'!$A$1:$B$34,2,FALSE) -> Rags/Wipes | O11: 44289 | P11: 18:19 | Q11: 44289 | R11: 18:19 | S11: 0 | T11: Cleaned and Disinfected;Cleared City Clean Out | U11: 20210403 | V11: 20210403 | W11: 29.809231 | X11: -95.475104
A12: 10459 | B12: 2021 | C12: =CONCATENATE(D12,",",E12,",",F12) -> 4000 34TH ST,Houston,Texas | D12: 4000 34TH ST | E12: Houston | F12: Texas | G12: 77092 | H12: Storm Sewer (not contained) | I12: =VLOOKUP(H12,'Flow Location'!$A$1:$B$21,2,FALSE) -> Storm Sewer (not contained) | J12: 445 | K12: Manhole | L12: =VLOOKUP(K12,'Structure type'!$A$1:$B$15,2,FALSE) -> Manhole | M12: Grease Blockage | N12: =VLOOKUP(M12,'Excursion Cause'!$A$1:$B$34,2,FALSE) -> Grease Blockage | O12: 44290 | P12: 13:37 | Q12: 44290 | R12: 15:06 | S12: 5 | T12: Cleaned and Disinfected;Cleared Main Line | U12: 20210404 | V12: 20210404 | W12: 29.817317 | X12: -95.449854
A13: 10461 | B13: 2021 | C13: =CONCATENATE(D13,",",E13,",",F13) -> 1916 BALDWIN ST,Houston,Texas | D13: 1916 BALDWIN ST | E13: Houston | F13: Texas | G13: 77019 | H13: Storm Sewer (not contained) | I13: =VLOOKUP(H13,'Flow Location'!$A$1:$B$21,2,FALSE) -> Storm Sewer (not contained) | J13: 456 | K13: City Cleanout | L13: =VLOOKUP(K13,'Structure type'!$A$1:$B$15,2,FALSE) -> City Cleanout | M13: Collection system structural failure | N13: =VLOOKUP(M13,'Excursion Cause'!$A$1:$B$34,2,FALSE) -> Collection system structural failure | O13: 44290 | P13: 14:47 | Q13: 44290 | R13: 18:35 | S13: 2 | T13: Cleaned and Disinfected;Cleared City Clean Out;Set Bypass Pump | U13: 20210404 | V13: 20210404 | W13: 29.753243 | X13: -95.376752
... A759: 12662 | B759: 2021 | C759: =CONCATENATE(D759,",",E759,",",F759) -> 607 DORCHESTER ST,Houston,Texas | D759: 607 DORCHESTER ST | E759: Houston | F759: Texas | G759: 77022 | H759: Contained On Site, not within 5 ft. of Bayou/Surface Water/Drainage Ditch | I759: =VLOOKUP(H759,'Flow Location'!$A$1:$B$21,2,FALSE) -> Contained On Site, not within 5 ft. of Bayou/Surface Water/Drainage Ditch | J759: 0 | K759: Service Lateral | L759: =VLOOKUP(K759,'Structure type'!$A$1:$B$15,2,FALSE) -> Service Lateral | M759: Collection system structural failure | N759: =VLOOKUP(M759,'Excursion Cause'!$A$1:$B$34,2,FALSE) -> Collection system structural failure | O759: 44530 | P759: 15:32 | Q759: 44530 | R759: 15:32 | S759: 0 | T759: Cleaned and Disinfected | U759: 20211130 | V759: 20211130 | W759: 29.822992 | X759: -95.365131
A760: 12663 | B760: 2021 | C760: =CONCATENATE(D760,",",$E$1863,",",$F$1863) -> 12610 SKYVIEW MANOR DR,Houston,TX | D760: 12610 SKYVIEW MANOR DR | E760: Houston | F760: TX | G760: 77047 | H760: Storm Sewer (not contained) | I760: =VLOOKUP(H760,'Flow Location'!$A$1:$B$21,2,FALSE) -> Storm Sewer (not contained) | J760: 1552 | K760: Manhole | L760: =VLOOKUP(K760,'Structure type'!$A$1:$B$15,2,FALSE) -> Manhole | M760: Grease Blockage | N760: =VLOOKUP(M760,'Excursion Cause'!$A$1:$B$34,2,FALSE) -> Grease Blockage | O760: 44531 | P760: 0.36597222 | Q760: 44531 | R760: 0.90486111 | S760: 2 | T760: Cleared Main Line;Cleaned and Disinfected | W760: 29.622834 | X760: -95.382933
A761: 12666 | B761: 2021 | C761: =CONCATENATE(D761,",",$E$1863,",",$F$1863) -> 10434 BROADSTAIRS ST,Houston,TX | D761: 10434 BROADSTAIRS ST | E761: Houston | F761: TX | G761: 77013 | H761: Storm Sewer (not contained) | I761: =VLOOKUP(H761,'Flow Location'!$A$1:$B$21,2,FALSE) -> Storm Sewer (not contained) | J761: 1417 | K761: Manhole | L761: =VLOOKUP(K761,'Structure type'!$A$1:$B$15,2,FALSE) -> Manhole | M761: Grease Blockage | N761: =VLOOKUP(M761,'Excursion Cause'!$A$1:$B$34,2,FALSE) -> Grease Blockage | O761: 44531 | P761: 0.49513889 | Q761: 44532 | R761: 0.47916667 | S761: 1 | T761: Cleaned and Disinfected;Cleared Main Line | W761: 29.780462 | X761: -95.243019
A762: 12667 | B762: 2021 | C762: =CONCATENATE(D762,",",$E$1863,",",$F$1863) -> 11701 S WILCREST DR,Houston,TX | D762: 11701 S WILCREST DR | E762: Houston | F762: TX | G762: 77099 | H762: Storm Sewer (not contained) | I762: =VLOOKUP(H762,'Flow Location'!$A$1:$B$21,2,FALSE) -> Storm Sewer (not contained) | J762: 885 | K762: Manhole | L762: =VLOOKUP(K762,'Structure type'!$A$1:$B$15,2,FALSE) -> Manhole | M762: Grease Blockage | N762: =VLOOKUP(M762,'Excursion Cause'!$A$1:$B$34,2,FALSE) -> Grease Blockage | O762: 44531 | P762: 0.60625 | Q762: 44531 | R762: 0.81111111 | S762: 3 | T762: Cleaned and Disinfected;Cleared Main Line | W762: 29.655562 | X762: -95.570651
A763: 12669 | B763: 2021 | C763: =CONCATENATE(D763,",",$E$1863,",",$F$1863) -> 2612 MILLS ST,Houston,TX | D763: 2612 MILLS ST | E763: Houston | F763: TX | G763: 77026 | H763: Contained On Site, not within 5 ft. of Bayou/Surface Water/Drainage Ditch | I763: =VLOOKUP(H763,'Flow Location'!$A$1:$B$21,2,FALSE) -> Contained On Site, not within 5 ft. of Bayou/Surface Water/Drainage Ditch | J763: 0 | K763: City Cleanout | L763: =VLOOKUP(K763,'Structure type'!$A$1:$B$15,2,FALSE) -> City Cleanout | M763: Collection system structural blockage | N763: =VLOOKUP(M763,'Excursion Cause'!$A$1:$B$34,2,FALSE) -> Collection system structural blockage | O763: 44531 | P763: 0.67569444 | Q763: 44531 | R763: 0.67569444 | S763: 0 | T763: Cleaned and Disinfected; Set Bypass Pump | W763: 29.777394 | X763: -95.34333
A764: 12671 | B764: 2021 | C764: =CONCATENATE(D764,",",$E$1863,",",$F$1863) -> 910 REDWOOD ST,Houston,TX | D764: 910 REDWOOD ST | E764: Houston | F764: TX | G764: 77023 | H764: Storm Sewer (not contained) | I764: =VLOOKUP(H764,'Flow Location'!$A$1:$B$21,2,FALSE) -> Storm Sewer (not contained) | J764: 900 | K764: Manhole | L764: =VLOOKUP(K764,'Structure type'!$A$1:$B$15,2,FALSE) -> Manhole | M764: Grease Blockage | N764: =VLOOKUP(M764,'Excursion Cause'!$A$1:$B$34,2,FALSE) -> Grease Blockage | O764: 44532 | P764: 0.37152778 | Q764: 44532 | R764: 0.57986111 | S764: 3 | T764: Cleared Main Line;Cleaned and Disinfected | W764: 29.715826 | X764: -95.296529
A765: 12677 | B765: 2021 | C765: =CONCATENATE(D765,",",E765,",",F765) -> 11722 MOSSCREST DR,Houston,Texas | D765: 11722 MOSSCREST DR | E765: Houston | F765: Texas | G765: 77048 | H765: Contained On Site, not within 5 ft. of Bayou/Surface Water/Drainage Ditch | I765: =VLOOKUP(H765,'Flow Location'!$A$1:$B$21,2,FALSE) -> Contained On Site, not within 5 ft. of Bayou/Surface Water/Drainage Ditch | J765: 2296 | K765: Manhole | L765: =VLOOKUP(K765,'Structure type'!$A$1:$B$15,2,FALSE) -> Manhole | M765: Grease Blockage | N765: =VLOOKUP(M765,'Excursion Cause'!$A$1:$B$34,2,FALSE) -> Grease Blockage | O765: 44529 | P765: 15:07 | Q765: 44530 | R765: 10:15 | S765: 2 | T765: Cleared Main Line;Cleaned and Disinfected | U765: 20211129 | V765: 20211130 | W765: 29.633267 | X765: -95.351319
A766: 12679 | B766: 2021 | C766: =CONCATENATE(D766,",",$E$1863,",",$F$1863) -> 1343 TARBERRY RD,Houston,TX | D766: 1343 TARBERRY RD | E766: Houston | F766: TX | G766: 77088 | H766: Contained On Site, not within 5 ft. of Bayou/Surface Water/Drainage Ditch | I766: =VLOOKUP(H766,'Flow Location'!$A$1:$B$21,2,FALSE) -> Contained On Site, not within 5 ft. of Bayou/Surface Water/Drainage Ditch | J766: 1461 | K766: Manhole | L766: =VLOOKUP(K766,'Structure type'!$A$1:$B$15,2,FALSE) -> Manhole | M766: Grease Blockage | N766: =VLOOKUP(M766,'Excursion Cause'!$A$1:$B$34,2,FALSE) -> Grease Blockage | O766: 44532 | P766: 0.475 | Q766: 44533 | R766: 0.45833333 | S766: 1 | T766: Cleaned and Disinfected;Cleared Main Line | W766: 29.883207 | X766: -95.420993
A767: 12680 | B767: 2021 | C767: =CONCATENATE(D767,",",$E$1863,",",$F$1863) -> 6919 LIVERPOOL ST,Houston,TX | D767: 6919 LIVERPOOL ST | E767: Houston | F767: TX | G767: 77021 | H767: Contained On Site, not within 5 ft. of Bayou/Surface Water/Drainage Ditch | I767: =VLOOKUP(H767,'Flow Location'!$A$1:$B$21,2,FALSE) -> Contained On Site, not within 5 ft. of Bayou/Surface Water/Drainage Ditch | J767: 0 | K767: City Cleanout | L767: =VLOOKUP(K767,'Structure type'!$A$1:$B$15,2,FALSE) -> City Cleanout | M767: Collection system structural blockage | N767: =VLOOKUP(M767,'Excursion Cause'!$A$1:$B$34,2,FALSE) -> Collection system structural blockage | O767: 44532 | P767: 0.50347222 | Q767: 44532 | R767: 0.50347222 | S767: 0 | T767: Cleared City Clean Out;Cleaned and Disinfected | W767: 29.686259 | X767: -95.350371
A768: 12685 | B768: 2021 | C768: =CONCATENATE(D768,",",$E$1863,",",$F$1863) -> 3818 BROADWAY ST,Houston,TX | D768: 3818 BROADWAY ST | E768: Houston | F768: TX | G768: 77017 | H768: Storm Sewer (not contained) | I768: =VLOOKUP(H768,'Flow Location'!$A$1:$B$21,2,FALSE) -> Storm Sewer (not contained) | J768: 212 | K768: Manhole | L768: =VLOOKUP(K768,'Structure type'!$A$1:$B$15,2,FALSE) -> Manhole | M768: Grease Blockage | N768: =VLOOKUP(M768,'Excursion Cause'!$A$1:$B$34,2,FALSE) -> Grease Blockage | O768: 44532 | P768: 0.67430556 | Q768: 44532 | R768: 0.74791667 | S768: 2 | T768: Cleared Main Line;Cleaned and Disinfected | W768: 29.686674 | X768: -95.277892
A769: 12686 | B769: 2021 | C769: =CONCATENATE(D769,",",$E$1863,",",$F$1863) -> 7442 DALLAS ST,Houston,TX | D769: 7442 DALLAS ST | E769: Houston | F769: TX | G769: 77011 | H769: Contained On Site, not within 5 ft. of Bayou/Surface Water/Drainage Ditch | I769: =VLOOKUP(H769,'Flow Location'!$A$1:$B$21,2,FALSE) -> Contained On Site, not within 5 ft. of Bayou/Surface Water/Drainage Ditch | J769: 0 | K769: Manhole | L769: =VLOOKUP(K769,'Structure type'!$A$1:$B$15,2,FALSE) -> Manhole | M769: Grease Blockage | N769: =VLOOKUP(M769,'Excursion Cause'!$A$1:$B$34,2,FALSE) -> Grease Blockage | O769: 44532 | P769: 0.68472222 | Q769: 44532 | R769: 0.68472222 | S769: 0 | T769: Cleared Main Line;Cleaned and Disinfected | W769: 29.728525 | X769: -95.295179
A770: 12687 | B770: 2021 | C770: =CONCATENATE(D770,",",$E$1863,",",$F$1863) -> 6001 REIMS RD,Houston,TX | D770: 6001 REIMS RD | E770: Houston | F770: TX | G770: 77036 | H770: Contained On Site, not within 5 ft. of Bayou/Surface Water/Drainage Ditch | I770: =VLOOKUP(H770,'Flow Location'!$A$1:$B$21,2,FALSE) -> Contained On Site, not within 5 ft. of Bayou/Surface Water/Drainage Ditch | J770: 1058 | K770: Manhole | L770: =VLOOKUP(K770,'Structure type'!$A$1:$B$15,2,FALSE) -> Manhole | M770: Rags/Wipes | N770: =VLOOKUP(M770,'Excursion Cause'!$A$1:$B$34,2,FALSE) -> Rags/Wipes | O770: 44533 | P770: 0.33958333 | Q770: 44533 | R770: 0.37361111 | S770: 22 | T770: Cleared Main Line;Cleaned and Disinfected | W770: 29.715436 | X770: -95.515205
A771: 12688 | B771: 2021 | C771: =CONCATENATE(D771,",",$E$1863,",",$F$1863) -> 1317 APACHE ST,Houston,TX | D771: 1317 APACHE ST | E771: Houston | F771: TX | G771: 77022 | H771: Bayou/surface water/drainage ditch | I771: =VLOOKUP(H771,'Flow Location'!$A$1:$B$21,2,FALSE) -> Bayou/surface water/drainage ditch | J771: 0 | K771: Manhole | L771: =VLOOKUP(K771,'Structure type'!$A$1:$B$15,2,FALSE) -> Manhole | M771: Grease Blockage | N771: =VLOOKUP(M771,'Excursion Cause'!$A$1:$B$34,2,FALSE) -> Grease Blockage | O771: 44533 | P771: 0.38055556 | Q771: 44533 | R771: 0.38055556 | S771: 0 | T771: Cleared Main Line;Cleaned and Disinfected | W771: 29.833883 | X771: -95.356573
A772: 12690 | B772: 2021 | C772: =CONCATENATE(D772,",",$E$1863,",",$F$1863) -> 1321 STUDEWOOD ST,Houston,TX | D772: 1321 STUDEWOOD ST | E772: Houston | F772: TX | G772: 77008 | H772: Contained On Site, not within 5 ft. of Bayou/Surface Water/Drainage Ditch | I772: =VLOOKUP(H772,'Flow Location'!$A$1:$B$21,2,FALSE) -> Contained On Site, not within 5 ft. of Bayou/Surface Water/Drainage Ditch | J772: 0 | K772: Private Cleanout | L772: =VLOOKUP(K772,'Structure type'!$A$1:$B$15,2,FALSE) -> Private Cleanout | M772: Collection system structural blockage | N772: =VLOOKUP(M772,'Excursion Cause'!$A$1:$B$34,2,FALSE) -> Collection system structural blockage | O772: 44537 | P772: 0.43541667 | Q772: 44537 | R772: 0.43541667 | S772: 0 | T772: Cleaned and Disinfected;Cleared Service Lateral | W772: 29.79517 | X772: -95.388188
A773: 12698 | B773: 2021 | C773: =CONCATENATE(D773,",",$E$1863,",",$F$1863) -> 1103 APACHE ST,Houston,TX | D773: 1103 APACHE ST | E773: Houston | F773: TX | G773: 77022 | H773: Storm Sewer (not contained) | I773: =VLOOKUP(H773,'Flow Location'!$A$1:$B$21,2,FALSE) -> Storm Sewer (not contained) | J773: 0 | K773: City Cleanout | L773: =VLOOKUP(K773,'Structure type'!$A$1:$B$15,2,FALSE) -> City Cleanout | M773: Grease Blockage | N773: =VLOOKUP(M773,'Excursion Cause'!$A$1:$B$34,2,FALSE) -> Grease Blockage | O773: 44533 | P773: 0.57777778 | Q773: 44533 | R773: 0.57777778 | S773: 0 | T773: Cleared Main Line;Cleaned and Disinfected | W773: 29.833922 | X773: -95.358116
A774: 12699 | B774: 2021 | C774: =CONCATENATE(D774,",",$E$1863,",",$F$1863) -> 910 REDWOOD ST,Houston,TX | D774: 910 REDWOOD ST | E774: Houston | F774: TX | G774: 77023 | H774: Contained On Site, not within 5 ft. of Bayou/Surface Water/Drainage Ditch | I774: =VLOOKUP(H774,'Flow Location'!$A$1:$B$21,2,FALSE) -> Contained On Site, not within 5 ft. of Bayou/Surface Water/Drainage Ditch | J774: 0 | K774: Manhole | L774: =VLOOKUP(K774,'Structure type'!$A$1:$B$15,2,FALSE) -> Manhole | M774: Grease Blockage | N774: =VLOOKUP(M774,'Excursion Cause'!$A$1:$B$34,2,FALSE) -> Grease Blockage | O774: 44533 | P774: 0.58680556 | Q774: 44533 | R774: 0.58680556 | S774: 0 | T774: Cleared Main Line;Cleaned and Disinfected | W774: 29.715826 | X774: -95.296529
A775: 12705 | B775: 2021 | C775: =CONCATENATE(D775,",",$E$1863,",",$F$1863) -> 6707 INDIAN FALLS DR,Houston,TX | D775: 6707 INDIAN FALLS DR | E775: Houston | F775: TX | G775: 77489 | H775: Contained On Site, not within 5 ft. of Bayou/Surface Water/Drainage Ditch | I775: =VLOOKUP(H775,'Flow Location'!$A$1:$B$21,2,FALSE) -> Contained On Site, not within 5 ft. of Bayou/Surface Water/Drainage Ditch | J775: 0 | K775: Private Cleanout | L775: =VLOOKUP(K775,'Structure type'!$A$1:$B$15,2,FALSE) -> Private Cleanout | M775: Grease Blockage | N775: =VLOOKUP(M775,'Excursion Cause'!$A$1:$B$34,2,FALSE) -> Grease Blockage | O775: 44534 | P775: 0.60763889 | Q775: 44534 | R775: 0.60763889 | S775: 0 | T775: Cleared Main Line;Cleaned and Disinfected | W775: 29.599663 | X775: -95.487212
A776: 12706 | B776: 2021 | C776: =CONCATENATE(D776,",",$E$1863,",",$F$1863) -> 7840 CANAL ST,Houston,TX | D776: 7840 CANAL ST | E776: Houston | F776: TX | G776: 77012 | H776: Contained On Site, not within 5 ft. of Bayou/Surface Water/Drainage Ditch | I776: =VLOOKUP(H776,'Flow Location'!$A$1:$B$21,2,FALSE) -> Contained On Site, not within 5 ft. of Bayou/Surface Water/Drainage Ditch | J776: 0 | K776: Service Lateral | L776: =VLOOKUP(K776,'Structure type'!$A$1:$B$15,2,FALSE) -> Service Lateral | M776: Collection system structural failure | N776: =VLOOKUP(M776,'Excursion Cause'!$A$1:$B$34,2,FALSE) -> Collection system structural failure | O776: 44534 | P776: 0.71736111 | Q776: 44534 | R776: 0.71736111 | S776: 0 | T776: Cleared Service Lateral;Cleaned and Disinfected | W776: 29.73383 | X776: -95.282923
A777: 12713 | B777: 2021 | C777: =CONCATENATE(D777,",",$E$1863,",",$F$1863) -> 4807 FALVEY ST,Houston,TX | D777: 4807 FALVEY ST | E777: Houston | F777: TX | G777: 77017 | H777: Contained On Site, not within 5 ft. of Bayou/Surface Water/Drainage Ditch | I777: =VLOOKUP(H777,'Flow Location'!$A$1:$B$21,2,FALSE) -> Contained On Site, not within 5 ft. of Bayou/Surface Water/Drainage Ditch | J777: 0 | K777: City Cleanout | L777: =VLOOKUP(K777,'Structure type'!$A$1:$B$15,2,FALSE) -> City Cleanout | M777: Grease Blockage | N777: =VLOOKUP(M777,'Excursion Cause'!$A$1:$B$34,2,FALSE) -> Grease Blockage | O777: 44536 | P777: 0.35486111 | Q777: 44536 | R777: 0.35486111 | S777: 0 | T777: Cleaned and Disinfected;Cleared Main Line | W777: 29.70007 | X777: -95.24148
... A816: 12831 | B816: 2021 | C816: =CONCATENATE(D816,",",$E$1863,",",$F$1863) -> 425 BYRNE ST,Houston,TX | D816: 425 BYRNE ST | E816: Houston | F816: TX | G816: 77009 | H816: Contained On Site, not within 5 ft. of Bayou/Surface Water/Drainage Ditch | I816: =VLOOKUP(H816,'Flow Location'!$A$1:$B$21,2,FALSE) -> Contained On Site, not within 5 ft. of Bayou/Surface Water/Drainage Ditch | J816: 0 | K816: City Cleanout | L816: =VLOOKUP(K816,'Structure type'!$A$1:$B$15,2,FALSE) -> City Cleanout | M816: Collection system temporary blockage | N816: =VLOOKUP(M816,'Excursion Cause'!$A$1:$B$34,2,FALSE) -> Collection system temporary blockage | O816: 44546 | P816: 0.47847222 | Q816: 44546 | R816: 0.47847222 | S816: 0 | T816: Cleared Service Lateral;Cleaned and Disinfected | W816: 29.784842 | X816: -95.376078
A817: 12832 | B817: 2021 | C817: =CONCATENATE(D817,",",$E$1863,",",$F$1863) -> 6600 HARBOR TOWN DR,Houston,TX | D817: 6600 HARBOR TOWN DR | E817: Houston | F817: TX | G817: 77036 | H817: Storm Sewer ‐ contained | I817: Storm Sewer - contained | J817: 392 | K817: Manhole | L817: =VLOOKUP(K817,'Structure type'!$A$1:$B$15,2,FALSE) -> Manhole | M817: Grease Blockage | N817: =VLOOKUP(M817,'Excursion Cause'!$A$1:$B$34,2,FALSE) -> Grease Blockage | O817: 44546 | P817: 0.53541667 | Q817: 44546 | R817: 0.67083333 | S817: 2 | T817: Cleared Main Line;Cleaned and Disinfected | W817: 29.706584 | X817: -95.530272
A818: 12835 | B818: 2021 | C818: =CONCATENATE(D818,",",$E$1863,",",$F$1863) -> 7322 YOE ST,Houston,TX | D818: 7322 YOE ST | E818: Houston | F818: TX | G818: 77016 | H818: Contained On Site, not within 5 ft. of Bayou/Surface Water/Drainage Ditch | I818: =VLOOKUP(H818,'Flow Location'!$A$1:$B$21,2,FALSE) -> Contained On Site, not within 5 ft. of Bayou/Surface Water/Drainage Ditch | J818: 0 | K818: City Cleanout | L818: =VLOOKUP(K818,'Structure type'!$A$1:$B$15,2,FALSE) -> City Cleanout | M818: Rags/Wipes | N818: =VLOOKUP(M818,'Excursion Cause'!$A$1:$B$34,2,FALSE) -> Rags/Wipes | O818: 44546 | P818: 0.6625 | Q818: 44546 | R818: 0.6625 | S818: 0 | T818: Cleared City Clean Out; Cleaned and Disinfected | W818: 29.858196 | X818: -95.29497
A819: 12836 | B819: 2021 | C819: =CONCATENATE(D819,",",$E$1863,",",$F$1863) -> 7215 HILLSBORO ST,Houston,TX | D819: 7215 HILLSBORO ST | E819: Houston | F819: TX | G819: 77020 | H819: Contained On Site, not within 5 ft. of Bayou/Surface Water/Drainage Ditch | I819: =VLOOKUP(H819,'Flow Location'!$A$1:$B$21,2,FALSE) -> Contained On Site, not within 5 ft. of Bayou/Surface Water/Drainage Ditch | J819: 0 | K819: Private Cleanout | L819: =VLOOKUP(K819,'Structure type'!$A$1:$B$15,2,FALSE) -> Private Cleanout | M819: Grease Blockage | N819: =VLOOKUP(M819,'Excursion Cause'!$A$1:$B$34,2,FALSE) -> Grease Blockage | O819: 44546 | P819: 0.71666667 | Q819: 44546 | R819: 0.71666667 | S819: 0 | T819: Cleared Private Line;Cleaned and Disinfected | W819: 29.780234 | X819: -95.297285
A820: 12844 | B820: 2021 | C820: =CONCATENATE(D820,",",$E$1863,",",$F$1863) -> 900 BROADWAY ST,Houston,TX | D820: 900 BROADWAY ST | E820: Houston | F820: TX | G820: 77012 | H820: Bayou/surface water/drainage ditch | I820: =VLOOKUP(H820,'Flow Location'!$A$1:$B$21,2,FALSE) -> Bayou/surface water/drainage ditch | J820: 0 | K820: Service Lateral | L820: =VLOOKUP(K820,'Structure type'!$A$1:$B$15,2,FALSE) -> Service Lateral | M820: Grease Blockage | N820: =VLOOKUP(M820,'Excursion Cause'!$A$1:$B$34,2,FALSE) -> Grease Blockage | O820: 44547 | P820: 0.44097222 | Q820: 44547 | R820: 0.44097222 | S820: 0 | T820: Cleaned and Disinfected;Cleared Private Line | W820: 29.717705 | X820: -95.278811
A821: 12848 | B821: 2021 | C821: =CONCATENATE(D821,",",$E$1863,",",$F$1863) -> 1350 LATHROP ST,Houston,TX | D821: 1350 LATHROP ST | E821: Houston | F821: TX | G821: 77020 | H821: Contained On Site, not within 5 ft. of Bayou/Surface Water/Drainage Ditch | I821: =VLOOKUP(H821,'Flow Location'!$A$1:$B$21,2,FALSE) -> Contained On Site, not within 5 ft. of Bayou/Surface Water/Drainage Ditch | J821: 0 | K821: Private Cleanout | L821: =VLOOKUP(K821,'Structure type'!$A$1:$B$15,2,FALSE) -> Private Cleanout | M821: Collection system temporary blockage | N821: =VLOOKUP(M821,'Excursion Cause'!$A$1:$B$34,2,FALSE) -> Collection system temporary blockage | O821: 44547 | P821: 0.52777778 | Q821: 44547 | R821: 0.52777778 | S821: 0 | T821: Cleaned and Disinfected;Cleared Service Lateral | W821: 29.763432 | X821: -95.301927
A822: 12849 | B822: 2021 | C822: =CONCATENATE(D822,",",$E$1863,",",$F$1863) -> 5214 NORTHRIDGE DR,Houston,TX | D822: 5214 NORTHRIDGE DR | E822: Houston | F822: TX | G822: 77033 | H822: Contained On Site, not within 5 ft. of Bayou/Surface Water/Drainage Ditch | I822: =VLOOKUP(H822,'Flow Location'!$A$1:$B$21,2,FALSE) -> Contained On Site, not within 5 ft. of Bayou/Surface Water/Drainage Ditch | J822: 0 | K822: Service Lateral | L822: =VLOOKUP(K822,'Structure type'!$A$1:$B$15,2,FALSE) -> Service Lateral | M822: Collection system structural failure | N822: =VLOOKUP(M822,'Excursion Cause'!$A$1:$B$34,2,FALSE) -> Collection system structural failure | O822: 44547 | P822: 0.52847222 | Q822: 44547 | R822: 0.52847222 | S822: 0 | T822: Cleared Service Lateral;Cleaned and Disinfected | W822: 29.670177 | X822: -95.345017
A823: 12850 | B823: 2021 | C823: =CONCATENATE(D823,",",$E$1863,",",$F$1863) -> 11150 BEECHNUT ST,Houston,TX | D823: 11150 BEECHNUT ST | E823: Houston | F823: TX | G823: 77072 | H823: Contained On Site, not within 5 ft. of Bayou/Surface Water/Drainage Ditch | I823: =VLOOKUP(H823,'Flow Location'!$A$1:$B$21,2,FALSE) -> Contained On Site, not within 5 ft. of Bayou/Surface Water/Drainage Ditch | J823: 1112 | K823: City Cleanout | L823: =VLOOKUP(K823,'Structure type'!$A$1:$B$15,2,FALSE) -> City Cleanout | M823: Grease Blockage | N823: =VLOOKUP(M823,'Excursion Cause'!$A$1:$B$34,2,FALSE) -> Grease Blockage | O823: 44547 | P823: 0.67569444 | Q823: 44548 | R823: 0.44791667 | S823: 1 | T823: Cleaned and Disinfected;Cleared City Clean Out | W823: 29.688364 | X823: -95.57383
A824: 12855 | B824: 2021 | C824: =CONCATENATE(D824,",",$E$1863,",",$F$1863) -> 11426 SAGEDOWNE LN,Houston,TX | D824: 11426 SAGEDOWNE LN | E824: Houston | F824: TX | G824: 77089 | H824: Contained On Site, not within 5 ft. of Bayou/Surface Water/Drainage Ditch | I824: =VLOOKUP(H824,'Flow Location'!$A$1:$B$21,2,FALSE) -> Contained On Site, not within 5 ft. of Bayou/Surface Water/Drainage Ditch | J824: 0 | K824: Manhole | L824: =VLOOKUP(K824,'Structure type'!$A$1:$B$15,2,FALSE) -> Manhole | M824: Collection system ‐ wet weather | N824: =VLOOKUP(M824,'Excursion Cause'!$A$1:$B$34,2,FALSE) -> Collection system ‐ wet weather | O824: 44548 | P824: 0.6125 | Q824: 44548 | R824: 0.6125 | S824: 0 | T824: Cleaned and Disinfected | W824: 29.596705 | X824: -95.212538
A825: 12864 | B825: 2021 | C825: =CONCATENATE(D825,",",$E$1863,",",$F$1863) -> 6299 FAIRBANKS N HOUSTON RD,Houston,TX | D825: 6299 FAIRBANKS N HOUSTON RD | E825: Houston | F825: TX | G825: 77040 | H825: Storm Sewer (not contained) | I825: =VLOOKUP(H825,'Flow Location'!$A$1:$B$21,2,FALSE) -> Storm Sewer (not contained) | J825: 1020 | K825: Manhole | L825: =VLOOKUP(K825,'Structure type'!$A$1:$B$15,2,FALSE) -> Manhole | M825: Grease Blockage | N825: =VLOOKUP(M825,'Excursion Cause'!$A$1:$B$34,2,FALSE) -> Grease Blockage | O825: 44550 | P825: 0.42708333 | Q825: 44552 | R825: 0.83055556 | S825: 0 | T825: Cleared Main Line;Cleaned and Disinfected | W825: 29.857804 | X825: -95.524514
A826: 12866 | B826: 2021 | C826: =CONCATENATE(D826,",",$E$1863,",",$F$1863) -> 2608 S CALUMET ST,Houston,TX | D826: 2608 S CALUMET ST | E826: Houston | F826: TX | G826: 77004 | H826: Contained On Site, not within 5 ft. of Bayou/Surface Water/Drainage Ditch | I826: =VLOOKUP(H826,'Flow Location'!$A$1:$B$21,2,FALSE) -> Contained On Site, not within 5 ft. of Bayou/Surface Water/Drainage Ditch | J826: 566 | K826: Manhole | L826: =VLOOKUP(K826,'Structure type'!$A$1:$B$15,2,FALSE) -> Manhole | M826: Rags/Wipes | N826: =VLOOKUP(M826,'Excursion Cause'!$A$1:$B$34,2,FALSE) -> Rags/Wipes | O826: 44550 | P826: 0.45208333 | Q826: 44550 | R826: 0.64791667 | S826: 2 | T826: Cleared Main Line;Cleaned and Disinfected | W826: 29.716416 | X826: -95.374428
A827: 12870 | B827: 2021 | C827: =CONCATENATE(D827,",",$E$1863,",",$F$1863) -> 117 CONOLY ST,Houston,TX | D827: 117 CONOLY ST | E827: Houston | F827: TX | G827: 77009 | H827: Storm Sewer (not contained) | I827: =VLOOKUP(H827,'Flow Location'!$A$1:$B$21,2,FALSE) -> Storm Sewer (not contained) | J827: 0 | K827: Manhole | L827: =VLOOKUP(K827,'Structure type'!$A$1:$B$15,2,FALSE) -> Manhole | M827: Grease Blockage | N827: =VLOOKUP(M827,'Excursion Cause'!$A$1:$B$34,2,FALSE) -> Grease Blockage | O827: 44550 | P827: 0.50625 | Q827: 44550 | R827: 0.50625 | S827: 0 | T827: Cleared Main Line;Cleaned and Disinfected | W827: 29.799266 | X827: -95.383143
A828: 12875 | B828: 2021 | C828: =CONCATENATE(D828,",",$E$1863,",",$F$1863) -> 4735 WILMINGTON ST,Houston,TX | D828: 4735 WILMINGTON ST | E828: Houston | F828: TX | G828: 77033 | H828: Storm Sewer (not contained) | I828: =VLOOKUP(H828,'Flow Location'!$A$1:$B$21,2,FALSE) -> Storm Sewer (not contained) | J828: 525 | K828: Manhole | L828: =VLOOKUP(K828,'Structure type'!$A$1:$B$15,2,FALSE) -> Manhole | M828: Rags/Wipes | N828: =VLOOKUP(M828,'Excursion Cause'!$A$1:$B$34,2,FALSE) -> Rags/Wipes | O828: 44550 | P828: 0.54513889 | Q828: 44550 | R828: 0.66666667 | S828: 3 | T828: Cleaned and Disinfected;Cleared Main Line | W828: 29.656281 | X828: -95.353776
A829: 12879 | B829: 2021 | C829: =CONCATENATE(D829,",",$E$1863,",",$F$1863) -> 5601 ROYAL PALMS ST,Houston,TX | D829: 5601 ROYAL PALMS ST | E829: Houston | F829: TX | G829: 77021 | H829: Storm Sewer (not contained) | I829: =VLOOKUP(H829,'Flow Location'!$A$1:$B$21,2,FALSE) -> Storm Sewer (not contained) | J829: 90 | K829: Manhole | L829: =VLOOKUP(K829,'Structure type'!$A$1:$B$15,2,FALSE) -> Manhole | M829: Grease Blockage | N829: =VLOOKUP(M829,'Excursion Cause'!$A$1:$B$34,2,FALSE) -> Grease Blockage | O829: 44550 | P829: 0.64583333 | Q829: 44550 | R829: 0.70833333 | S829: 1 | T829: Cleaned and Disinfected;Cleared Main Line | W829: 29.697569 | X829: -95.330491
... A874: 13019 | B874: 2021 | C874: =CONCATENATE(D874,",",$E$1863,",",$F$1863) -> 8210 TARBELL RD,Houston,TX | D874: 8210 TARBELL RD | E874: Houston | F874: TX | G874: 77034 | H874: Storm Sewer (not contained) | I874: =VLOOKUP(H874,'Flow Location'!$A$1:$B$21,2,FALSE) -> Storm Sewer (not contained) | J874: 864 | K874: Manhole | L874: =VLOOKUP(K874,'Structure type'!$A$1:$B$15,2,FALSE) -> Manhole | M874: Grease Blockage | N874: =VLOOKUP(M874,'Excursion Cause'!$A$1:$B$34,2,FALSE) -> Grease Blockage | O874: 44561 | P874: 0.96944444 | Q874: 44562 | R874: 0.16944444 | S874: 3 | T874: Cleaned and Disinfected;Cleared Main Line | W874: 29.639779 | X874: -95.224119
A875: 13020 | B875: 2022 | C875: =CONCATENATE(D875,",",E875,",",F875) -> 3802 DABNEY ST,Houston,Texas | D875: 3802 DABNEY ST | E875: Houston | F875: Texas | G875: 77026 | H875: Contained On Site, not within 5 ft. of Bayou/Surface Water/Drainage Ditch | I875: =VLOOKUP(H875,'Flow Location'!$A$1:$B$21,2,FALSE) -> Contained On Site, not within 5 ft. of Bayou/Surface Water/Drainage Ditch | J875: 0 | K875: Private Cleanout | L875: =VLOOKUP(K875,'Structure type'!$A$1:$B$15,2,FALSE) -> Private Cleanout | M875: Grease Blockage | N875: =VLOOKUP(M875,'Excursion Cause'!$A$1:$B$34,2,FALSE) -> Grease Blockage | O875: 44562 | P875: 9:28 | Q875: 44562 | R875: 9:28 | S875: 0 | T875: Cleaned and Disinfected;Cleared Main Line | W875: 29.794734 | X875: -95.309799
A876: 13022 | B876: 2022 | C876: =CONCATENATE(D876,",",E876,",",F876) -> 7303 AUTUMN GROVE DR,Houston,Texas | D876: 7303 AUTUMN GROVE DR | E876: Houston | F876: Texas | G876: 77072 | H876: Contained On Site, not within 5 ft. of Bayou/Surface Water/Drainage Ditch | I876: =VLOOKUP(H876,'Flow Location'!$A$1:$B$21,2,FALSE) -> Contained On Site, not within 5 ft. of Bayou/Surface Water/Drainage Ditch | J876: 0 | K876: City Cleanout | L876: =VLOOKUP(K876,'Structure type'!$A$1:$B$15,2,FALSE) -> City Cleanout | M876: Grease Blockage | N876: =VLOOKUP(M876,'Excursion Cause'!$A$1:$B$34,2,FALSE) -> Grease Blockage | O876: 44562 | P876: 10:41 | Q876: 44562 | R876: 10:41 | S876: 0 | T876: Cleaned and Disinfected;Cleared City Clean Out | W876: 29.697646 | X876: -95.602163
A877: 13023 | B877: 2022 | C877: =CONCATENATE(D877,",",E877,",",F877) -> 8407 SULTAN DR,Houston,Texas | D877: 8407 SULTAN DR | E877: Houston | F877: Texas | G877: 77078 | H877: Bayou/surface water/drainage ditch | I877: =VLOOKUP(H877,'Flow Location'!$A$1:$B$21,2,FALSE) -> Bayou/surface water/drainage ditch | J877: 0 | K877: Manhole | L877: =VLOOKUP(K877,'Structure type'!$A$1:$B$15,2,FALSE) -> Manhole | M877: Grease Blockage | N877: =VLOOKUP(M877,'Excursion Cause'!$A$1:$B$34,2,FALSE) -> Grease Blockage | O877: 44562 | P877: 11:10 | Q877: 44562 | R877: 11:10 | S877: 0 | T877: Cleaned and Disinfected;Monitor Receiving Waterbody | W877: 29.838051 | X877: -95.253978
A878: 13026 | B878: 2022 | C878: =CONCATENATE(D878,",",E878,",",F878) -> 5855 ETTRICK DR,Houston,Texas | D878: 5855 ETTRICK DR | E878: Houston | F878: Texas | G878: 77035 | H878: Contained On Site, not within 5 ft. of Bayou/Surface Water/Drainage Ditch | I878: =VLOOKUP(H878,'Flow Location'!$A$1:$B$21,2,FALSE) -> Contained On Site, not within 5 ft. of Bayou/Surface Water/Drainage Ditch | J878: 0 | K878: Private Cleanout | L878: =VLOOKUP(K878,'Structure type'!$A$1:$B$15,2,FALSE) -> Private Cleanout | M878: Grease Blockage | N878: =VLOOKUP(M878,'Excursion Cause'!$A$1:$B$34,2,FALSE) -> Grease Blockage | O878: 44562 | P878: 15:01 | Q878: 44562 | R878: 15:01 | S878: 0 | T878: Cleared Main Line;Cleaned and Disinfected | W878: 29.645192 | X878: -95.491812
A879: 13029 | B879: 2021 | C879: =CONCATENATE(D879,",",$E$1863,",",$F$1863) -> 9233 CLINTON DR,Houston,TX | D879: 9233 CLINTON DR | E879: Houston | F879: TX | G879: 77029 | H879: Contained On Site, not within 5 ft. of Bayou/Surface Water/Drainage Ditch | I879: =VLOOKUP(H879,'Flow Location'!$A$1:$B$21,2,FALSE) -> Contained On Site, not within 5 ft. of Bayou/Surface Water/Drainage Ditch | J879: 0 | K879: Manhole | L879: =VLOOKUP(K879,'Structure type'!$A$1:$B$15,2,FALSE) -> Manhole | M879: Grease Blockage | N879: =VLOOKUP(M879,'Excursion Cause'!$A$1:$B$34,2,FALSE) -> Grease Blockage | O879: 44561 | P879: 0.43472222 | Q879: 44561 | R879: 0.43472222 | S879: 0 | T879: Cleared Main Line;Cleaned and Disinfected | W879: 29.736524 | X879: -95.262017
A880: 13031 | B880: 2022 | C880: =CONCATENATE(D880,",",E880,",",F880) -> 4410 NINA LEE LN,Houston,Texas | D880: 4410 NINA LEE LN | E880: Houston | F880: Texas | G880: 77092 | H880: Contained On Site, not within 5 ft. of Bayou/Surface Water/Drainage Ditch | I880: =VLOOKUP(H880,'Flow Location'!$A$1:$B$21,2,FALSE) -> Contained On Site, not within 5 ft. of Bayou/Surface Water/Drainage Ditch | J880: 0 | K880: Private Cleanout | L880: =VLOOKUP(K880,'Structure type'!$A$1:$B$15,2,FALSE) -> Private Cleanout | M880: Collection system structural failure | N880: =VLOOKUP(M880,'Excursion Cause'!$A$1:$B$34,2,FALSE) -> Collection system structural failure | O880: 44564 | P880: 10:29 | Q880: 44564 | R880: 10:29 | S880: 0 | T880: Cleaned and Disinfected;Set Bypass Pump | W880: 29.831919 | X880: -95.456793
A881: 13032 | B881: 2022 | C881: =CONCATENATE(D881,",",E881,",",F881) -> 1520 BAILEY ST,Houston,Texas | D881: 1520 BAILEY ST | E881: Houston | F881: Texas | G881: 77019 | H881: Storm Sewer (not contained) | I881: =VLOOKUP(H881,'Flow Location'!$A$1:$B$21,2,FALSE) -> Storm Sewer (not contained) | J881: 176 | K881: Manhole | L881: =VLOOKUP(K881,'Structure type'!$A$1:$B$15,2,FALSE) -> Manhole | M881: Grease Blockage | N881: =VLOOKUP(M881,'Excursion Cause'!$A$1:$B$34,2,FALSE) -> Grease Blockage | O881: 44564 | P881: 10:34 | Q881: 44564 | R881: 13:30 | S881: 1 | T881: Cleared Main Line;Cleaned and Disinfected | W881: 29.754085 | X881: -95.382936
A882: 13035 | B882: 2022 | C882: =CONCATENATE(D882,",",E882,",",F882) -> 2450 ALDINE WESTFIELD RD,Houston,Texas | D882: 2450 ALDINE WESTFIELD RD | E882: Houston | F882: Texas | G882: 77093 | H882: Contained On Site, not within 5 ft. of Bayou/Surface Water/Drainage Ditch | I882: =VLOOKUP(H882,'Flow Location'!$A$1:$B$21,2,FALSE) -> Contained On Site, not within 5 ft. of Bayou/Surface Water/Drainage Ditch | J882: 0 | K882: Manhole | L882: =VLOOKUP(K882,'Structure type'!$A$1:$B$15,2,FALSE) -> Manhole | M882: Grease Blockage | N882: =VLOOKUP(M882,'Excursion Cause'!$A$1:$B$34,2,FALSE) -> Grease Blockage | O882: 44564 | P882: 14:02 | Q882: 44564 | R882: 14:02 | S882: 0 | T882: Cleaned and Disinfected;Cleared Main Line | W882: 29.847589 | X882: -95.347306
A883: 13036 | B883: 2022 | C883: =CONCATENATE(D883,",",E883,",",F883) -> 2001 WOODHEAD ST,Houston,Texas | D883: 2001 WOODHEAD ST | E883: Houston | F883: Texas | G883: 77019 | H883: Contained On Site, not within 5 ft. of Bayou/Surface Water/Drainage Ditch | I883: =VLOOKUP(H883,'Flow Location'!$A$1:$B$21,2,FALSE) -> Contained On Site, not within 5 ft. of Bayou/Surface Water/Drainage Ditch | J883: 1305 | K883: Manhole | L883: =VLOOKUP(K883,'Structure type'!$A$1:$B$15,2,FALSE) -> Manhole | M883: Grease Blockage | N883: =VLOOKUP(M883,'Excursion Cause'!$A$1:$B$34,2,FALSE) -> Grease Blockage | O883: 44564 | P883: 15:15 | Q883: 44565 | R883: 13:00 | S883: 1 | T883: Cleared Main Line;Cleaned and Disinfected | W883: 29.748033 | X883: -95.404529
A884: 13042 | B884: 2022 | C884: =CONCATENATE(D884,",",E884,",",F884) -> 9226 TALTON ST,Houston,Texas | D884: 9226 TALTON ST | E884: Houston | F884: Texas | G884: 77078 | H884: Contained On Site, not within 5 ft. of Bayou/Surface Water/Drainage Ditch | I884: =VLOOKUP(H884,'Flow Location'!$A$1:$B$21,2,FALSE) -> Contained On Site, not within 5 ft. of Bayou/Surface Water/Drainage Ditch | J884: 0 | K884: Private Cleanout | L884: =VLOOKUP(K884,'Structure type'!$A$1:$B$15,2,FALSE) -> Private Cleanout | M884: Grease Blockage | N884: =VLOOKUP(M884,'Excursion Cause'!$A$1:$B$34,2,FALSE) -> Grease Blockage | O884: 44565 | P884: 11:30 | Q884: 44565 | R884: 11:30 | S884: 0 | T884: Cleared Main Line;Cleaned and Disinfected | W884: 29.843803 | X884: -95.253573
A885: 13044 | B885: 2022 | C885: =CONCATENATE(D885,",",E885,",",F885) -> 2345 MARGARET ST,Houston,Texas | D885: 2345 MARGARET ST | E885: Houston | F885: Texas | G885: 77093 | H885: Bayou/surface water/drainage ditch | I885: =VLOOKUP(H885,'Flow Location'!$A$1:$B$21,2,FALSE) -> Bayou/surface water/drainage ditch | J885: 0 | K885: City Cleanout | L885: =VLOOKUP(K885,'Structure type'!$A$1:$B$15,2,FALSE) -> City Cleanout | M885: Rags/Wipes | N885: =VLOOKUP(M885,'Excursion Cause'!$A$1:$B$34,2,FALSE) -> Rags/Wipes | O885: 44565 | P885: 11:59 | Q885: 44565 | R885: 11:59 | S885: 0 | T885: Cleared Service Lateral;Cleaned and Disinfected | W885: 29.865516 | X885: -95.348144
A886: 13048 | B886: 2022 | C886: =CONCATENATE(D886,",",E886,",",F886) -> 5314 NEWKIRK LN,Houston,Texas | D886: 5314 NEWKIRK LN | E886: Houston | F886: Texas | G886: 77021 | H886: Contained On Site, not within 5 ft. of Bayou/Surface Water/Drainage Ditch | I886: =VLOOKUP(H886,'Flow Location'!$A$1:$B$21,2,FALSE) -> Contained On Site, not within 5 ft. of Bayou/Surface Water/Drainage Ditch | J886: 2880 | K886: Manhole | L886: =VLOOKUP(K886,'Structure type'!$A$1:$B$15,2,FALSE) -> Manhole | M886: Grease Blockage | N886: =VLOOKUP(M886,'Excursion Cause'!$A$1:$B$34,2,FALSE) -> Grease Blockage | O886: 44565 | P886: 12:51 | Q886: 44567 | R886: 12:50 | S886: 1 | T886: Cleared Main Line;Cleaned and Disinfected | W886: 29.698781 | X886: -95.331206
A887: 13050 | B887: 2022 | C887: =CONCATENATE(D887,",",E887,",",F887) -> 513 VINCENT ST,TX,Houston,Texas | D887: 513 VINCENT ST,TX | E887: Houston | F887: Texas | G887: 77009 | H887: Contained On Site, not within 5 ft. of Bayou/Surface Water/Drainage Ditch | I887: =VLOOKUP(H887,'Flow Location'!$A$1:$B$21,2,FALSE) -> Contained On Site, not within 5 ft. of Bayou/Surface Water/Drainage Ditch | J887: 0 | K887: City Cleanout | L887: =VLOOKUP(K887,'Structure type'!$A$1:$B$15,2,FALSE) -> City Cleanout | M887: Grease Blockage | N887: =VLOOKUP(M887,'Excursion Cause'!$A$1:$B$34,2,FALSE) -> Grease Blockage | O887: 44565 | P887: 15:59 | Q887: 44565 | R887: 15:59 | S887: 0 | T887: Cleaned and Disinfected;Cleared City Clean Out;Cleared Main Line | W887: 29.796028 | X887: -95.373161
A888: 13060 | B888: 2022 | C888: =CONCATENATE(D888,",",E888,",",F888) -> 1520 BAILEY ST,Houston,Texas | D888: 1520 BAILEY ST | E888: Houston | F888: Texas | G888: 77019 | H888: Contained On Site, not within 5 ft. of Bayou/Surface Water/Drainage Ditch | I888: =VLOOKUP(H888,'Flow Location'!$A$1:$B$21,2,FALSE) -> Contained On Site, not within 5 ft. of Bayou/Surface Water/Drainage Ditch | J888: 0 | K888: Manhole | L888: =VLOOKUP(K888,'Structure type'!$A$1:$B$15,2,FALSE) -> Manhole | M888: Grease Blockage | N888: =VLOOKUP(M888,'Excursion Cause'!$A$1:$B$34,2,FALSE) -> Grease Blockage | O888: 44566 | P888: 9:45 | Q888: 44566 | R888: 9:45 | S888: 0 | T888: Cleared Main Line;Cleaned and Disinfected | W888: 29.754085 | X888: -95.382936
A889: 13063 | B889: 2022 | C889: =CONCATENATE(D889,",",E889,",",F889) -> 8565 W SAM HOUSTON PKWY,Houston,Texas | D889: 8565 W SAM HOUSTON PKWY | E889: Houston | F889: Texas | G889: 77036 | H889: Contained On Site, not within 5 ft. of Bayou/Surface Water/Drainage Ditch | I889: =VLOOKUP(H889,'Flow Location'!$A$1:$B$21,2,FALSE) -> Contained On Site, not within 5 ft. of Bayou/Surface Water/Drainage Ditch | J889: 554 | K889: Manhole | L889: =VLOOKUP(K889,'Structure type'!$A$1:$B$15,2,FALSE) -> Manhole | M889: Grease Blockage | N889: =VLOOKUP(M889,'Excursion Cause'!$A$1:$B$34,2,FALSE) -> Grease Blockage | O889: 44566 | P889: 11:10 | Q889: 44566 | R889: 15:30 | S889: 2 | T889: Cleaned and Disinfected;Cleared Main Line | W889: 29.686046 | X889: -95.555944
A890: 13067 | B890: 2022 | C890: =CONCATENATE(D890,",",E890,",",F890) -> 1422 LAWRENCE ST,Houston,Texas | D890: 1422 LAWRENCE ST | E890: Houston | F890: Texas | G890: 77008 | H890: Bayou/surface water/drainage ditch | I890: =VLOOKUP(H890,'Flow Location'!$A$1:$B$21,2,FALSE) -> Bayou/surface water/drainage ditch | J890: 0 | K890: Manhole | L890: =VLOOKUP(K890,'Structure type'!$A$1:$B$15,2,FALSE) -> Manhole | M890: Grease Blockage | N890: =VLOOKUP(M890,'Excursion Cause'!$A$1:$B$34,2,FALSE) -> Grease Blockage | O890: 44566 | P890: 14:09 | Q890: 44566 | R890: 14:09 | S890: 0 | T890: Cleared Main Line;Cleaned and Disinfected | W890: 29.797003 | X890: -95.407413
A891: 13069 | B891: 2022 | C891: =CONCATENATE(D891,",",E891,",",F891) -> 8602 VALLEY SONG DR,Houston,Texas | D891: 8602 VALLEY SONG DR | E891: Houston | F891: Texas | G891: 77078 | H891: Contained On Site, not within 5 ft. of Bayou/Surface Water/Drainage Ditch | I891: =VLOOKUP(H891,'Flow Location'!$A$1:$B$21,2,FALSE) -> Contained On Site, not within 5 ft. of Bayou/Surface Water/Drainage Ditch | J891: 0 | K891: Manhole | L891: =VLOOKUP(K891,'Structure type'!$A$1:$B$15,2,FALSE) -> Manhole | M891: Grease Blockage | N891: =VLOOKUP(M891,'Excursion Cause'!$A$1:$B$34,2,FALSE) -> Grease Blockage | O891: 44566 | P891: 15:42 | Q891: 44566 | R891: 15:42 | S891: 0 | T891: Cleared Main Line;Cleaned and Disinfected | W891: 29.847896 | X891: -95.230766
... A1757: 49473 | B1757: 2022 | C1757: =CONCATENATE(D1757,",",E1757,",",F1757) -> 9624 BECKLEY ST,Houston,Texas | D1757: 9624 BECKLEY ST | E1757: Houston | F1757: Texas | G1757: 77088 | H1757: Storm Sewer (not contained) | I1757: =VLOOKUP(H1757,'Flow Location'!$A$1:$B$21,2,FALSE) -> Storm Sewer (not contained) | J1757: 0 | K1757: Service Lateral | L1757: =VLOOKUP(K1757,'Structure type'!$A$1:$B$15,2,FALSE) -> Service Lateral | M1757: Collection system structural blockage | N1757: =VLOOKUP(M1757,'Excursion Cause'!$A$1:$B$34,2,FALSE) -> Collection system structural blockage | O1757: 44832 | P1757: 14:48 | Q1757: 44832 | R1757: 14:49 | S1757: 0 | T1757: Cleared Service Lateral;Cleaned and Disinfected | W1757: 29.883823 | X1757: -95.439921
A1758: 49474 | B1758: 2022 | C1758: =CONCATENATE(D1758,",",E1758,",",F1758) -> 2021 JACQUELYN DR,Houston,Texas | D1758: 2021 JACQUELYN DR | E1758: Houston | F1758: Texas | G1758: 77055 | H1758: Bayou/surface water/drainage ditch | I1758: =VLOOKUP(H1758,'Flow Location'!$A$1:$B$21,2,FALSE) -> Bayou/surface water/drainage ditch | J1758: 0 | K1758: Service Lateral | L1758: =VLOOKUP(K1758,'Structure type'!$A$1:$B$15,2,FALSE) -> Service Lateral | N1758: =VLOOKUP(M1758,'Excursion Cause'!$A$1:$B$34,2,FALSE) -> #N/A | O1758: 44832 | P1758: 15:51 | Q1758: 44832 | R1758: 15:52 | S1758: 0 | T1758: Cleaned and Disinfected | W1758: 29.808081 | X1758: -95.481821
A1759: 49477 | B1759: 2022 | C1759: =CONCATENATE(D1759,",",E1759,",",F1759) -> 6454 ELLA LEE LN,Houston,Texas | D1759: 6454 ELLA LEE LN | E1759: Houston | F1759: Texas | G1759: 77057 | H1759: Contained On Site, not within 5 ft. of Bayou/Surface Water/Drainage Ditch | I1759: =VLOOKUP(H1759,'Flow Location'!$A$1:$B$21,2,FALSE) -> Contained On Site, not within 5 ft. of Bayou/Surface Water/Drainage Ditch | J1759: 602 | K1759: Manhole | L1759: =VLOOKUP(K1759,'Structure type'!$A$1:$B$15,2,FALSE) -> Manhole | M1759: Grease Blockage | N1759: =VLOOKUP(M1759,'Excursion Cause'!$A$1:$B$34,2,FALSE) -> Grease Blockage | O1759: 44833 | P1759: 7:59 | Q1759: 44833 | R1759: 13:00 | S1759: 2 | T1759: Cleaned and Disinfected;Cleared Main Line | W1759: 29.741401 | X1759: -95.498827
A1760: 49484 | B1760: 2022 | C1760: =CONCATENATE(D1760,",",E1760,",",F1760) -> 1030 VOIGHT ST,Houston,Texas | D1760: 1030 VOIGHT ST | E1760: Houston | F1760: Texas | G1760: 77009 | H1760: Storm Sewer (not contained) | I1760: =VLOOKUP(H1760,'Flow Location'!$A$1:$B$21,2,FALSE) -> Storm Sewer (not contained) | J1760: 1245 | K1760: Manhole | L1760: =VLOOKUP(K1760,'Structure type'!$A$1:$B$15,2,FALSE) -> Manhole | M1760: Grease Blockage | N1760: =VLOOKUP(M1760,'Excursion Cause'!$A$1:$B$34,2,FALSE) -> Grease Blockage | O1760: 44833 | P1760: 14:15 | Q1760: 44834 | R1760: 11:00 | S1760: 1 | T1760: Cleared Main Line;Cleaned and Disinfected | W1760: 29.780279 | X1760: -95.385628
A1761: 49488 | B1761: 2022 | C1761: =CONCATENATE(D1761,",",E1761,",",F1761) -> 6421 ELLA LEE LN,Houston,Texas | D1761: 6421 ELLA LEE LN | E1761: Houston | F1761: Texas | G1761: 77057 | H1761: Contained On Site, not within 5 ft. of Bayou/Surface Water/Drainage Ditch | I1761: =VLOOKUP(H1761,'Flow Location'!$A$1:$B$21,2,FALSE) -> Contained On Site, not within 5 ft. of Bayou/Surface Water/Drainage Ditch | J1761: 602 | K1761: Manhole | L1761: =VLOOKUP(K1761,'Structure type'!$A$1:$B$15,2,FALSE) -> Manhole | M1761: Grease Blockage | N1761: =VLOOKUP(M1761,'Excursion Cause'!$A$1:$B$34,2,FALSE) -> Grease Blockage | O1761: 44833 | P1761: 7:59 | Q1761: 44833 | R1761: 7:59 | S1761: 0 | T1761: Cleared Main Line;Cleaned and Disinfected | W1761: 29.73945 | X1761: -95.497848
A1762: 49489 | B1762: 2022 | C1762: =CONCATENATE(D1762,",",E1762,",",F1762) -> 2574 MARILEE LN,Houston,Texas | D1762: 2574 MARILEE LN | E1762: Houston | F1762: Texas | G1762: 77057 | H1762: Contained On Site, not within 5 ft. of Bayou/Surface Water/Drainage Ditch | I1762: =VLOOKUP(H1762,'Flow Location'!$A$1:$B$21,2,FALSE) -> Contained On Site, not within 5 ft. of Bayou/Surface Water/Drainage Ditch | J1762: 602 | K1762: Manhole | L1762: =VLOOKUP(K1762,'Structure type'!$A$1:$B$15,2,FALSE) -> Manhole | M1762: Grease Blockage | N1762: =VLOOKUP(M1762,'Excursion Cause'!$A$1:$B$34,2,FALSE) -> Grease Blockage | O1762: 44833 | P1762: 7:59 | Q1762: 44833 | R1762: 13:00 | S1762: 2 | T1762: Cleared Main Line;Cleaned and Disinfected | W1762: 29.740157 | X1762: -95.499002
A1763: 49490 | B1763: 2022 | C1763: =CONCATENATE(D1763,",",E1763,",",F1763) -> 2219 DEVONSHIRE ST,Houston,Texas | D1763: 2219 DEVONSHIRE ST | E1763: Houston | F1763: Texas | G1763: 77019 | H1763: Contained On Site, not within 5 ft. of Bayou/Surface Water/Drainage Ditch | I1763: =VLOOKUP(H1763,'Flow Location'!$A$1:$B$21,2,FALSE) -> Contained On Site, not within 5 ft. of Bayou/Surface Water/Drainage Ditch | J1763: 0 | K1763: City Cleanout | L1763: =VLOOKUP(K1763,'Structure type'!$A$1:$B$15,2,FALSE) -> City Cleanout | M1763: Grease Blockage | N1763: =VLOOKUP(M1763,'Excursion Cause'!$A$1:$B$34,2,FALSE) -> Grease Blockage | O1763: 44834 | P1763: 12:19 | Q1763: 44834 | R1763: 12:20 | S1763: 0 | T1763: Cleared Main Line;Cleaned and Disinfected | W1763: 29.745937 | X1763: -95.414378
A1764: 49491 | B1764: 2022 | C1764: =CONCATENATE(D1764,",",E1764,",",F1764) -> 3107 N COTSWOLD MANOR DR,Houston,Texas | D1764: 3107 N COTSWOLD MANOR DR | E1764: Houston | F1764: Texas | G1764: 77339 | H1764: Contained On Site, not within 5 ft. of Bayou/Surface Water/Drainage Ditch | I1764: =VLOOKUP(H1764,'Flow Location'!$A$1:$B$21,2,FALSE) -> Contained On Site, not within 5 ft. of Bayou/Surface Water/Drainage Ditch | J1764: 0 | K1764: Force Main | L1764: =VLOOKUP(K1764,'Structure type'!$A$1:$B$15,2,FALSE) -> Force Main | M1764: Collection system structural failure | N1764: =VLOOKUP(M1764,'Excursion Cause'!$A$1:$B$34,2,FALSE) -> Collection system structural failure | O1764: 44834 | P1764: 13:52 | Q1764: 44834 | R1764: 13:53 | S1764: 0 | T1764: Cleaned and Disinfected | W1764: 30.036984 | X1764: -95.209256
A1765: 49496 | B1765: 2022 | C1765: =CONCATENATE(D1765,",",E1765,",",F1765) -> 9401 AVENUE H,Houston,Texas | D1765: 9401 AVENUE H | E1765: Houston | F1765: Texas | G1765: 77012 | H1765: Contained On Site, not within 5 ft. of Bayou/Surface Water/Drainage Ditch | I1765: =VLOOKUP(H1765,'Flow Location'!$A$1:$B$21,2,FALSE) -> Contained On Site, not within 5 ft. of Bayou/Surface Water/Drainage Ditch | J1765: 0 | K1765: Service Lateral | L1765: =VLOOKUP(K1765,'Structure type'!$A$1:$B$15,2,FALSE) -> Service Lateral | M1765: Collection system structural blockage | N1765: =VLOOKUP(M1765,'Excursion Cause'!$A$1:$B$34,2,FALSE) -> Collection system structural blockage | O1765: 44834 | P1765: 15:00 | Q1765: 44834 | R1765: 15:01 | S1765: 0 | T1765: Cleaned and Disinfected | W1765: 29.715264 | X1765: -95.25919
A1766: 49502 | B1766: 2022 | C1766: =CONCATENATE(D1766,",",E1766,",",F1766) -> 14618 HEMPSTEAD RD,Houston,Texas | D1766: 14618 HEMPSTEAD RD | E1766: Houston | F1766: Texas | G1766: 77040 | H1766: Bayou/surface water/drainage ditch | I1766: =VLOOKUP(H1766,'Flow Location'!$A$1:$B$21,2,FALSE) -> Bayou/surface water/drainage ditch | J1766: 0 | K1766: City Cleanout | L1766: =VLOOKUP(K1766,'Structure type'!$A$1:$B$15,2,FALSE) -> City Cleanout | M1766: Grease Blockage | N1766: =VLOOKUP(M1766,'Excursion Cause'!$A$1:$B$34,2,FALSE) -> Grease Blockage | O1766: 44835 | P1766: 16:28 | Q1766: 44835 | R1766: 16:29 | S1766: 0 | T1766: Cleaned and Disinfected;Cleared City Clean Out | W1766: 29.861202 | X1766: -95.542165
A1767: 49503 | B1767: 2022 | C1767: =CONCATENATE(D1767,",",E1767,",",F1767) -> 11150 BEECHNUT ST,Houston,Texas | D1767: 11150 BEECHNUT ST | E1767: Houston | F1767: Texas | G1767: 77072 | H1767: Storm Sewer (not contained) | I1767: =VLOOKUP(H1767,'Flow Location'!$A$1:$B$21,2,FALSE) -> Storm Sewer (not contained) | J1767: 0 | K1767: City Cleanout | L1767: =VLOOKUP(K1767,'Structure type'!$A$1:$B$15,2,FALSE) -> City Cleanout | M1767: Grease Blockage | N1767: =VLOOKUP(M1767,'Excursion Cause'!$A$1:$B$34,2,FALSE) -> Grease Blockage | O1767: 44836 | P1767: 9:43 | Q1767: 44836 | R1767: 9:44 | S1767: 0 | T1767: Cleared City Clean Out;Cleaned and Disinfected | W1767: 29.688364 | X1767: -95.57383
A1768: 49504 | B1768: 2022 | C1768: =CONCATENATE(D1768,",",E1768,",",F1768) -> 433 SEDGWICK DR,Houston,Texas | D1768: 433 SEDGWICK DR | E1768: Houston | F1768: Texas | G1768: 77076 | H1768: Contained On Site, not within 5 ft. of Bayou/Surface Water/Drainage Ditch | I1768: =VLOOKUP(H1768,'Flow Location'!$A$1:$B$21,2,FALSE) -> Contained On Site, not within 5 ft. of Bayou/Surface Water/Drainage Ditch | J1768: 0 | K1768: City Cleanout | L1768: =VLOOKUP(K1768,'Structure type'!$A$1:$B$15,2,FALSE) -> City Cleanout | M1768: Grease Blockage | N1768: =VLOOKUP(M1768,'Excursion Cause'!$A$1:$B$34,2,FALSE) -> Grease Blockage | O1768: 44836 | P1768: 9:36 | Q1768: 44836 | R1768: 9:37 | S1768: 0 | T1768: Cleaned and Disinfected;Cleared City Clean Out | W1768: 29.868572 | X1768: -95.375979
A1769: 49505 | B1769: 2022 | C1769: =CONCATENATE(D1769,",",E1769,",",F1769) -> 16610 RUSTON ST,Houston,Texas | D1769: 16610 RUSTON ST | E1769: Houston | F1769: Texas | G1769: 77396 | H1769: Contained On Site, not within 5 ft. of Bayou/Surface Water/Drainage Ditch | I1769: =VLOOKUP(H1769,'Flow Location'!$A$1:$B$21,2,FALSE) -> Contained On Site, not within 5 ft. of Bayou/Surface Water/Drainage Ditch | J1769: 0 | K1769: Service Lateral | L1769: =VLOOKUP(K1769,'Structure type'!$A$1:$B$15,2,FALSE) -> Service Lateral | M1769: Collection system structural failure | N1769: =VLOOKUP(M1769,'Excursion Cause'!$A$1:$B$34,2,FALSE) -> Collection system structural failure | O1769: 44836 | P1769: 9:58 | Q1769: 44836 | R1769: 9:59 | S1769: 0 | T1769: Set Bypass Pump | W1769: 29.961521 | X1769: -95.297954
A1770: 49511 | B1770: 2022 | C1770: =CONCATENATE(D1770,",",E1770,",",F1770) -> 5502 TELEPHONE RD,Houston,Texas | D1770: 5502 TELEPHONE RD | E1770: Houston | F1770: Texas | G1770: 77087 | H1770: Contained On Site, not within 5 ft. of Bayou/Surface Water/Drainage Ditch | I1770: =VLOOKUP(H1770,'Flow Location'!$A$1:$B$21,2,FALSE) -> Contained On Site, not within 5 ft. of Bayou/Surface Water/Drainage Ditch | J1770: 0 | K1770: Service Lateral | L1770: =VLOOKUP(K1770,'Structure type'!$A$1:$B$15,2,FALSE) -> Service Lateral | M1770: Collection system structural failure | N1770: =VLOOKUP(M1770,'Excursion Cause'!$A$1:$B$34,2,FALSE) -> Collection system structural failure | O1770: 44836 | P1770: 13:35 | Q1770: 44836 | R1770: 13:36 | S1770: 0 | T1770: Set Bypass Pump;Cleaned and Disinfected | W1770: 29.684715 | X1770: -95.296519
... A1774: 49521 | B1774: 2022 | C1774: =CONCATENATE(D1774,",",E1774,",",F1774) -> 9501 LONG POINT RD,Houston,Texas | D1774: 9501 LONG POINT RD | E1774: Houston | F1774: Texas | G1774: 77055 | H1774: Contained On Site, not within 5 ft. of Bayou/Surface Water/Drainage Ditch | I1774: =VLOOKUP(H1774,'Flow Location'!$A$1:$B$21,2,FALSE) -> Contained On Site, not within 5 ft. of Bayou/Surface Water/Drainage Ditch | J1774: 0 | K1774: City Cleanout | L1774: =VLOOKUP(K1774,'Structure type'!$A$1:$B$15,2,FALSE) -> City Cleanout | M1774: Grease Blockage | N1774: =VLOOKUP(M1774,'Excursion Cause'!$A$1:$B$34,2,FALSE) -> Grease Blockage | O1774: 44837 | P1774: 14:28 | Q1774: 44837 | R1774: 14:29 | S1774: 0 | T1774: Cleaned and Disinfected;Cleared Main Line | W1774: 29.796748 | X1774: -95.526339
A1775: 49527 | B1775: 2022 | C1775: =CONCATENATE(D1775,",",E1775,",",F1775) -> 3623 KATY FWY,Houston,Texas | D1775: 3623 KATY FWY | E1775: Houston | F1775: Texas | H1775: Contained On Site, not within 5 ft. of Bayou/Surface Water/Drainage Ditch | I1775: =VLOOKUP(H1775,'Flow Location'!$A$1:$B$21,2,FALSE) -> Contained On Site, not within 5 ft. of Bayou/Surface Water/Drainage Ditch | J1775: 318 | K1775: Manhole | L1775: =VLOOKUP(K1775,'Structure type'!$A$1:$B$15,2,FALSE) -> Manhole | M1775: Grease Blockage | N1775: =VLOOKUP(M1775,'Excursion Cause'!$A$1:$B$34,2,FALSE) -> Grease Blockage | O1775: 44838 | P1775: 10:17 | Q1775: 44838 | R1775: 12:57 | S1775: 2 | T1775: Cleared Main Line;Cleaned and Disinfected | W1775: 29.784646 | X1775: -95.623405
A1776: 49528 | B1776: 2022 | C1776: =CONCATENATE(D1776,",",E1776,",",F1776) -> 9525 S KIRKWOOD RD,Houston,Texas | D1776: 9525 S KIRKWOOD RD | E1776: Houston | F1776: Texas | G1776: 77099 | H1776: Storm Sewer (not contained) | I1776: =VLOOKUP(H1776,'Flow Location'!$A$1:$B$21,2,FALSE) -> Storm Sewer (not contained) | J1776: 476 | K1776: Manhole | L1776: =VLOOKUP(K1776,'Structure type'!$A$1:$B$15,2,FALSE) -> Manhole | M1776: Grease Blockage | N1776: =VLOOKUP(M1776,'Excursion Cause'!$A$1:$B$34,2,FALSE) -> Grease Blockage | O1776: 44838 | P1776: 11:50 | Q1776: 44838 | R1776: 15:48 | S1776: 2 | T1776: Cleared Main Line;Cleaned and Disinfected | W1776: 29.675606 | X1776: -95.585401
A1777: 49534 | B1777: 2022 | C1777: =CONCATENATE(D1777,",",E1777,",",F1777) -> 1214 STONEHOLLOW DR,Houston,Texas | D1777: 1214 STONEHOLLOW DR | E1777: Houston | F1777: Texas | G1777: 77339 | H1777: Storm Sewer (not contained) | I1777: =VLOOKUP(H1777,'Flow Location'!$A$1:$B$21,2,FALSE) -> Storm Sewer (not contained) | J1777: 214 | K1777: Manhole | L1777: =VLOOKUP(K1777,'Structure type'!$A$1:$B$15,2,FALSE) -> Manhole | M1777: Grease Blockage | N1777: =VLOOKUP(M1777,'Excursion Cause'!$A$1:$B$34,2,FALSE) -> Grease Blockage | O1777: 44839 | P1777: 9:10 | Q1777: 44839 | R1777: 12:44 | S1777: 1 | T1777: Cleaned and Disinfected;Cleared Main Line | W1777: 30.051191 | X1777: -95.236986
A1778: 49536 | B1778: 2022 | C1778: =CONCATENATE(D1778,",",E1778,",",F1778) -> 7402 SENFRONIA HILLS DR,Houston,Texas | D1778: 7402 SENFRONIA HILLS DR | E1778: Houston | F1778: Texas | G1778: 77016 | H1778: Storm Sewer (not contained) | I1778: =VLOOKUP(H1778,'Flow Location'!$A$1:$B$21,2,FALSE) -> Storm Sewer (not contained) | J1778: 1680 | K1778: Manhole | L1778: =VLOOKUP(K1778,'Structure type'!$A$1:$B$15,2,FALSE) -> Manhole | M1778: Collection system structural failure | N1778: =VLOOKUP(M1778,'Excursion Cause'!$A$1:$B$34,2,FALSE) -> Collection system structural failure | O1778: 44839 | P1778: 9:28 | Q1778: 44839 | R1778: 18:48 | S1778: 3 | T1778: Cleaned and Disinfected;Cleared Main Line;Set Bypass Pump | W1778: 29.868286 | X1778: -95.294528
A1779: 49539 | B1779: 2022 | C1779: =CONCATENATE(D1779,",",E1779,",",F1779) -> 2052 SWIFT BLVD,Houston,Texas | D1779: 2052 SWIFT BLVD | E1779: Houston | F1779: Texas | G1779: 77030 | H1779: Contained On Site, not within 5 ft. of Bayou/Surface Water/Drainage Ditch | I1779: =VLOOKUP(H1779,'Flow Location'!$A$1:$B$21,2,FALSE) -> Contained On Site, not within 5 ft. of Bayou/Surface Water/Drainage Ditch | J1779: 0 | K1779: Service Lateral | L1779: =VLOOKUP(K1779,'Structure type'!$A$1:$B$15,2,FALSE) -> Service Lateral | M1779: Collection system structural failure | N1779: =VLOOKUP(M1779,'Excursion Cause'!$A$1:$B$34,2,FALSE) -> Collection system structural failure | O1779: 44839 | P1779: 11:41 | Q1779: 44839 | R1779: 11:42 | S1779: 0 | T1779: Cleaned and Disinfected | W1779: 29.711944 | X1779: -95.406779
A1780: 49541 | B1780: 2022 | C1780: =CONCATENATE(D1780,",",E1780,",",F1780) -> 9630 INTERVALE ST,Houston,Texas | D1780: 9630 INTERVALE ST | E1780: Houston | F1780: Texas | G1780: 77075 | H1780: Storm Sewer (not contained) | I1780: =VLOOKUP(H1780,'Flow Location'!$A$1:$B$21,2,FALSE) -> Storm Sewer (not contained) | J1780: 0 | K1780: Service Lateral | L1780: =VLOOKUP(K1780,'Structure type'!$A$1:$B$15,2,FALSE) -> #N/A | M1780: Grease Blockage | N1780: =VLOOKUP(M1780,'Excursion Cause'!$A$1:$B$34,2,FALSE) -> Grease Blockage | O1780: 44839 | P1780: 12:15 | Q1780: 44840 | R1780: 10:38 | S1780: 0 | T1780: Cleaned and Disinfected;Cleared City Clean Out | W1780: 29.636958 | X1780: -95.244737
A1781: 49543 | B1781: 2022 | C1781: =CONCATENATE(D1781,",",E1781,",",F1781) -> 7914 WILMERDEAN ST,Houston,Texas | D1781: 7914 WILMERDEAN ST | E1781: Houston | F1781: Texas | G1781: 77061 | H1781: Contained On Site, not within 5 ft. of Bayou/Surface Water/Drainage Ditch | I1781: =VLOOKUP(H1781,'Flow Location'!$A$1:$B$21,2,FALSE) -> Contained On Site, not within 5 ft. of Bayou/Surface Water/Drainage Ditch | J1781: 0 | K1781: Service Lateral | L1781: =VLOOKUP(K1781,'Structure type'!$A$1:$B$15,2,FALSE) -> Service Lateral | M1781: Collection system structural failure | N1781: =VLOOKUP(M1781,'Excursion Cause'!$A$1:$B$34,2,FALSE) -> Collection system structural failure | O1781: 44839 | P1781: 11:01 | Q1781: 44839 | R1781: 11:02 | S1781: 0 | T1781: Cleaned and Disinfected | W1781: 29.662723 | X1781: -95.274096
A1782: 49544 | B1782: 2022 | C1782: =CONCATENATE(D1782,",",E1782,",",F1782) -> 10614 CHEEVES DR,Houston,Texas | D1782: 10614 CHEEVES DR | E1782: Houston | F1782: Texas | G1782: 77016 | H1782: Storm Sewer (not contained) | I1782: =VLOOKUP(H1782,'Flow Location'!$A$1:$B$21,2,FALSE) -> Storm Sewer (not contained) | J1782: 289 | K1782: Manhole | L1782: =VLOOKUP(K1782,'Structure type'!$A$1:$B$15,2,FALSE) -> Manhole | M1782: Grease Blockage | N1782: =VLOOKUP(M1782,'Excursion Cause'!$A$1:$B$34,2,FALSE) -> Grease Blockage | O1782: 44839 | P1782: 13:59 | Q1782: 44839 | R1782: 18:48 | S1782: 1 | T1782: Cleaned and Disinfected;Cleared Main Line | W1782: 29.867615 | X1782: -95.292589
A1783: 49547 | B1783: 2022 | C1783: =CONCATENATE(D1783,",",E1783,",",F1783) -> 10839 BELLAIRE BLVD,Houston,Texas | D1783: 10839 BELLAIRE BLVD | E1783: Houston | F1783: Texas | G1783: 77072 | H1783: Contained On Site, not within 5 ft. of Bayou/Surface Water/Drainage Ditch | I1783: =VLOOKUP(H1783,'Flow Location'!$A$1:$B$21,2,FALSE) -> Contained On Site, not within 5 ft. of Bayou/Surface Water/Drainage Ditch | J1783: 0 | K1783: City Cleanout | L1783: =VLOOKUP(K1783,'Structure type'!$A$1:$B$15,2,FALSE) -> City Cleanout | M1783: Collection system structural blockage | N1783: =VLOOKUP(M1783,'Excursion Cause'!$A$1:$B$34,2,FALSE) -> Collection system structural blockage | O1783: 44839 | P1783: 16:55 | Q1783: 44839 | R1783: 16:56 | S1783: 0 | T1783: Cleared Service Lateral;Cleaned and Disinfected | W1783: 29.703256 | X1783: -95.570679
A1784: 49551 | B1784: 2022 | C1784: =CONCATENATE(D1784,",",E1784,",",F1784) -> 5427 ASHBROOK DR,Houston,Texas | D1784: 5427 ASHBROOK DR | E1784: Houston | F1784: Texas | G1784: 77081 | H1784: Storm Sewer (not contained) | I1784: =VLOOKUP(H1784,'Flow Location'!$A$1:$B$21,2,FALSE) -> Storm Sewer (not contained) | J1784: 0 | K1784: Manhole | L1784: =VLOOKUP(K1784,'Structure type'!$A$1:$B$15,2,FALSE) -> Manhole | M1784: Grease Blockage | N1784: =VLOOKUP(M1784,'Excursion Cause'!$A$1:$B$34,2,FALSE) -> Grease Blockage | O1784: 44839 | P1784: 17:36 | Q1784: 44839 | R1784: 17:37 | S1784: 0 | T1784: Cleaned and Disinfected;Cleared Main Line | W1784: 29.714362 | X1784: -95.475426
A1785: 49554 | B1785: 2022 | C1785: =CONCATENATE(D1785,",",E1785,",",F1785) -> 12750 COULSON ST,Houston,Texas | D1785: 12750 COULSON ST | E1785: Houston | F1785: Texas | G1785: 77015 | H1785: Bayou/surface water/drainage ditch | I1785: =VLOOKUP(H1785,'Flow Location'!$A$1:$B$21,2,FALSE) -> Bayou/surface water/drainage ditch | J1785: 0 | K1785: Gravity Main | L1785: =VLOOKUP(K1785,'Structure type'!$A$1:$B$15,2,FALSE) -> Gravity Main | M1785: Rags/Wipes | N1785: =VLOOKUP(M1785,'Excursion Cause'!$A$1:$B$34,2,FALSE) -> Rags/Wipes | O1785: 44840 | P1785: 14:20 | Q1785: 44840 | R1785: 15:00 | S1785: 0 | T1785: Cleared Main Line;Cleaned and Disinfected | W1785: 29.762815 | X1785: -95.206252
A1786: 49556 | B1786: 2022 | C1786: =CONCATENATE(D1786,",",E1786,",",F1786) -> 6805 COHN ST,Houston,Texas | D1786: 6805 COHN ST | E1786: Houston | F1786: Texas | G1786: 77091 | H1786: Bayou/surface water/drainage ditch | I1786: =VLOOKUP(H1786,'Flow Location'!$A$1:$B$21,2,FALSE) -> Bayou/surface water/drainage ditch | J1786: 0 | K1786: City Cleanout | L1786: =VLOOKUP(K1786,'Structure type'!$A$1:$B$15,2,FALSE) -> City Cleanout | M1786: Rags/Wipes | N1786: =VLOOKUP(M1786,'Excursion Cause'!$A$1:$B$34,2,FALSE) -> Rags/Wipes | O1786: 44840 | P1786: 14:40 | Q1786: 44840 | R1786: 14:41 | S1786: 0 | T1786: Cleared Service Lateral;Cleaned and Disinfected | W1786: 29.862511 | X1786: -95.423826
A1787: 49559 | B1787: 2022 | C1787: =CONCATENATE(D1787,",",E1787,",",F1787) -> 10318 CAXTON ST,Houston,Texas | D1787: 10318 CAXTON ST | E1787: Houston | F1787: Texas | G1787: 77016 | H1787: Bayou/surface water/drainage ditch | I1787: =VLOOKUP(H1787,'Flow Location'!$A$1:$B$21,2,FALSE) -> Bayou/surface water/drainage ditch | J1787: 0 | K1787: Manhole | L1787: =VLOOKUP(K1787,'Structure type'!$A$1:$B$15,2,FALSE) -> Manhole | M1787: Collection system structural failure | N1787: =VLOOKUP(M1787,'Excursion Cause'!$A$1:$B$34,2,FALSE) -> Collection system structural failure | O1787: 44840 | P1787: 18:16 | Q1787: 44840 | R1787: 18:17 | S1787: 0 | T1787: Cleared Main Line;Cleaned and Disinfected;Post Warning Signs | W1787: 29.861057 | X1787: -95.312437
... A1855: 49806 | B1855: 2022 | C1855: =CONCATENATE(D1855,",",E1855,",",F1855) -> 2900 TRAVIS ST,Houston,Texas | D1855: 2900 TRAVIS ST | E1855: Houston | F1855: Texas | G1855: 77006 | H1855: Bayou/surface water/drainage ditch | I1855: =VLOOKUP(H1855,'Flow Location'!$A$1:$B$21,2,FALSE) -> Bayou/surface water/drainage ditch | J1855: 0 | K1855: Manhole | L1855: =VLOOKUP(K1855,'Structure type'!$A$1:$B$15,2,FALSE) -> Manhole | M1855: Grease Blockage | N1855: =VLOOKUP(M1855,'Excursion Cause'!$A$1:$B$34,2,FALSE) -> Grease Blockage | O1855: 44865 | P1855: 15:27 | Q1855: 44865 | R1855: 15:28 | S1855: 0 | T1855: Cleaned and Disinfected;Cleared Main Line | W1855: 29.743756 | X1855: -95.377147
A1856: 49811 | B1856: 2022 | C1856: =CONCATENATE(D1856,",",E1856,",",F1856) -> 13001 NYACK DR,Houston,TX | D1856: 13001 NYACK DR | E1856: Houston | F1856: TX | G1856: 77089 | H1856: Storm Sewer (not contained) | I1856: =VLOOKUP(H1856,'Flow Location'!$A$1:$B$21,2,FALSE) -> Storm Sewer (not contained) | J1856: 252 | K1856: Manhole | L1856: =VLOOKUP(K1856,'Structure type'!$A$1:$B$15,2,FALSE) -> Manhole | M1856: Grease Blockage | N1856: =VLOOKUP(M1856,'Excursion Cause'!$A$1:$B$34,2,FALSE) -> Grease Blockage | O1856: 44866 | P1856: 0.36944444 | Q1856: 44866 | R1856: 0.45694444 | S1856: 2 | T1856: Cleaned and Disinfected;Cleared Main Line | W1856: 29.59581 | X1856: -95.195855
A1857: 49814 | B1857: 2022 | C1857: =CONCATENATE(D1857,",",E1857,",",F1857) -> 9501 LONG POINT RD,Houston,TX | D1857: 9501 LONG POINT RD | E1857: Houston | F1857: TX | G1857: 77055 | H1857: Storm Sewer (not contained) | I1857: =VLOOKUP(H1857,'Flow Location'!$A$1:$B$21,2,FALSE) -> Storm Sewer (not contained) | J1857: 0 | K1857: City Cleanout | L1857: =VLOOKUP(K1857,'Structure type'!$A$1:$B$15,2,FALSE) -> City Cleanout | M1857: Rags/Wipes | N1857: =VLOOKUP(M1857,'Excursion Cause'!$A$1:$B$34,2,FALSE) -> Rags/Wipes | O1857: 44866 | P1857: 0.43055556 | Q1857: 44866 | R1857: 0.43125 | S1857: 0 | T1857: Cleared Service Lateral;Cleaned and Disinfected | W1857: 29.796748 | X1857: -95.526339
A1858: 49815 | B1858: 2022 | C1858: =CONCATENATE(D1858,",",E1858,",",F1858) -> 6730 HENDON LN,Houston,TX | D1858: 6730 HENDON LN | E1858: Houston | F1858: TX | G1858: 77074 | H1858: Contained On Site, not within 5 ft. of Bayou/Surface Water/Drainage Ditch | I1858: =VLOOKUP(H1858,'Flow Location'!$A$1:$B$21,2,FALSE) -> Contained On Site, not within 5 ft. of Bayou/Surface Water/Drainage Ditch | J1858: 0 | K1858: Private Cleanout | L1858: =VLOOKUP(K1858,'Structure type'!$A$1:$B$15,2,FALSE) -> Private Cleanout | M1858: Grease Blockage | N1858: =VLOOKUP(M1858,'Excursion Cause'!$A$1:$B$34,2,FALSE) -> Grease Blockage | O1858: 44866 | P1858: 0.63333333 | Q1858: 44866 | R1858: 0.63402778 | S1858: 0 | T1858: Cleaned and Disinfected;Cleared Main Line | W1858: 29.694249 | X1858: -95.502429
A1859: 49820 | B1859: 2022 | C1859: =CONCATENATE(D1859,",",E1859,",",F1859) -> 6927 INDIAN FALLS DR,Houston,TX | D1859: 6927 INDIAN FALLS DR | E1859: Houston | F1859: TX | G1859: 77489 | H1859: Contained On Site, not within 5 ft. of Bayou/Surface Water/Drainage Ditch | I1859: =VLOOKUP(H1859,'Flow Location'!$A$1:$B$21,2,FALSE) -> Contained On Site, not within 5 ft. of Bayou/Surface Water/Drainage Ditch | J1859: 0 | K1859: Service Lateral | L1859: =VLOOKUP(K1859,'Structure type'!$A$1:$B$15,2,FALSE) -> Service Lateral | M1859: Collection system structural failure | N1859: =VLOOKUP(M1859,'Excursion Cause'!$A$1:$B$34,2,FALSE) -> Collection system structural failure | O1859: 44866 | P1859: 0.34583333 | Q1859: 44866 | R1859: 0.34652778 | S1859: 0 | T1859: Cleaned and Disinfected;Cleared Service Lateral | W1859: 29.599848 | X1859: -95.490926
A1860: 49828 | B1860: 2022 | C1860: =CONCATENATE(D1860,",",E1860,",",F1860) -> 12400 BROOKGLADE CIR,Houston,TX | D1860: 12400 BROOKGLADE CIR | E1860: Houston | F1860: TX | G1860: 77099 | H1860: Storm Sewer (not contained) | I1860: =VLOOKUP(H1860,'Flow Location'!$A$1:$B$21,2,FALSE) -> Storm Sewer (not contained) | J1860: 708 | K1860: Gravity Main | L1860: =VLOOKUP(K1860,'Structure type'!$A$1:$B$15,2,FALSE) -> Gravity Main | M1860: Grease Blockage | N1860: =VLOOKUP(M1860,'Excursion Cause'!$A$1:$B$34,2,FALSE) -> Grease Blockage | O1860: 44866 | P1860: 0.57986111 | Q1860: 44867 | R1860: 0.5625 | S1860: 1 | T1860: Cleared Main Line | W1860: 29.680093 | X1860: -95.597381
A1861: 49830 | B1861: 2022 | C1861: =CONCATENATE(D1861,",",E1861,",",F1861) -> 6538 SOUTH FWY,Houston,TX | D1861: 6538 SOUTH FWY | E1861: Houston | F1861: TX | G1861: 77021 | H1861: Storm Sewer (not contained) | I1861: =VLOOKUP(H1861,'Flow Location'!$A$1:$B$21,2,FALSE) -> Storm Sewer (not contained) | J1861: 0 | K1861: Manhole | L1861: =VLOOKUP(K1861,'Structure type'!$A$1:$B$15,2,FALSE) -> Manhole | M1861: Collection system temporary blockage | N1861: =VLOOKUP(M1861,'Excursion Cause'!$A$1:$B$34,2,FALSE) -> Collection system temporary blockage | O1861: 44867 | P1861: 0.35833333 | Q1861: 44867 | R1861: 0.40277778 | S1861: 0 | T1861: Cleaned and Disinfected;Cleared Main Line | W1861: 29.702869 | X1861: -95.375784
A1862: 49831 | B1862: 2022 | C1862: =CONCATENATE(D1862,",",E1862,",",F1862) -> 8205 PEACHTREE ST,Houston,TX | D1862: 8205 PEACHTREE ST | E1862: Houston | F1862: TX | G1862: 77016 | H1862: Bayou/surface water/drainage ditch | I1862: =VLOOKUP(H1862,'Flow Location'!$A$1:$B$21,2,FALSE) -> Bayou/surface water/drainage ditch | J1862: 0 | K1862: Manhole | L1862: =VLOOKUP(K1862,'Structure type'!$A$1:$B$15,2,FALSE) -> Manhole | M1862: Grease Blockage | N1862: =VLOOKUP(M1862,'Excursion Cause'!$A$1:$B$34,2,FALSE) -> Grease Blockage | O1862: 44867 | P1862: 0.38888889 | Q1862: 44867 | R1862: 0.38958333 | S1862: 0 | T1862: Cleaned and Disinfected;Cleared Main Line | W1862: 29.835233 | X1862: -95.31554
...

Sheet Excursion Cause
A1: Excursion_Cause | B1: Corrected
A2: Air Relief Valve (ARV) Failure | B2: Air Relief Valve (ARV) Failure
A3: Air Relief Valve (ARV) Failure | B3: Air Relief Valve (ARV) Failure
A4: Collection system ‐ wet weather | B4: Collection system ‐ wet weather
A5: Collection system - wet weather | B5: Collection system ‐ wet weather
A6: Collection system structural blockage | B6: Collection system structural blockage
A7: Collection system structural failure | B7: Collection system structural failure
A8: Collection system structural blockage | B8: Collection system structural blockage
A9: Collection system structural failure | B9: Collection system structural failure
A10: Collection system temporary blockage | B10: Collection system temporary blockage
A11: Collection system temporary blockage | B11: Collection system temporary blockage
A12: Collection system wet weather | B12: Collection system wet weather
... A34: WWTP Mechanical Failure | B34: WWTP Mechanical Failure

Sheet Structure type
A1: Structure_Type | B1: Corrected
A2: City Cleanout | B2: City Cleanout
A3: Private Cleanout | B3: Private Cleanout
A4: Service Lateral | B4: Service Lateral
A5: Gravity Main | B5: Gravity Main
A6: Manhole | B6: Manhole
A7: Force Main | B7: Force Main
A8: Private Sample Well | B8: Private Sample Well
A9: Private Grease Trap | B9: Private Grease Trap
A10: Private Cleanout | B10: Private Cleanout
A11: Private Sample Well | B11: Private Sample Well
A12: Private Sample Well | B12: Private Sample Well
... A15: Lift Station | B15: Lift Station

Sheet Flow Location
A1: Flow_Location | B1: Corrected
A2: Bayou/surface water/drainage ditch | B2: Bayou/surface water/drainage ditch
A3: Contained On Site, not within 5 ft. of Bayou/Surface Water/Drainage Ditch | B3: Contained On Site, not within 5 ft. of Bayou/Surface Water/Drainage Ditch
A4: Storm Sewer - contained | B4: Storm Sewer - contained
A5: Storm Sewer (not contained) | B5: Storm Sewer (not contained)
A6: Within 5 ft. of Bayou/Surface Water/Drainage Ditch | B6: Within 5 ft. of Bayou/Surface Water/Drainage Ditch
A7: Contained On Site, not within 5 ft. of Bayou/Surface Water/Drainage Ditch | B7: Contained On Site, not within 5 ft. of Bayou/Surface Water/Drainage Ditch
A8: Storm Sewer (not contained) | B8: Storm Sewer (not contained)
A9: Storm Sewer ‐ contained | B9: Storm Sewer - contained
A10: Within 5 ft. of Bayou/Surface Water/Drainage Ditch | B10: Within 5 ft. of Bayou/Surface Water/Drainage Ditch
A11: Bayou/surface water/drainage ditch | B11: Bayou/surface water/drainage ditch
A12: Drainage Ditch | B12: Drainage Ditch
... A21: Contained On Site, not within 5 ft. of Bayou/Surface Water/Drainage Ditch | B21: Contained On Site, not within 5 ft. of Bayou/Surface Water/Drainage Ditch
